total_purchases,avg_cart_value,total_time_spent,product_click,discount_counts,customer_id,Cluster,PCA1,PCA2,Customer_Segment
7.0,129.34,52.17,18.0,0.0,CM00000,0,0.6249368644952883,1.4017499219173928,High Spenders
22.0,24.18,9.19,15.0,7.0,CM00001,2,-2.1602649397620888,-0.5665807286849144,Bargain Hunters
2.0,32.18,90.69,50.0,2.0,CM00002,1,2.1657899567209555,-1.1183493248740495,Window Shoppers
25.0,26.85,11.22,16.0,10.0,CM00003,2,-2.63182296707856,-0.818558428789608,Bargain Hunters
7.0,125.45,34.19,30.0,3.0,CM00004,0,0.3770965639909635,0.9875001393330229,High Spenders
12.0,199.56,43.39,20.0,3.0,CM00005,0,-0.012619653373706132,2.2040904520949356,High Spenders
23.0,43.48,13.11,12.0,10.0,CM00006,2,-2.546913610349547,-0.45908009541131395,Bargain Hunters
27.0,46.58,7.2,14.0,7.0,CM00007,2,-2.546482487622984,-0.26308715768673474,Bargain Hunters
9.0,35.1,9.24,25.0,8.0,CM00008,2,-0.9993532247675599,-0.49747992384761447,Bargain Hunters
30.0,40.69,16.34,21.0,8.0,CM00009,2,-2.529583901941204,-0.6851502599843952,Bargain Hunters
5.0,62.6,77.2,49.0,2.0,CM00010,1,1.7597681714275073,-0.5842738309886636,Window Shoppers
6.0,60.77,78.66,53.0,4.0,CM00011,1,1.6134121887860633,-0.8668050742455845,Window Shoppers
13.0,105.96,40.82,21.0,6.0,CM00012,0,-0.579662104535145,0.541356526787129,High Spenders
21.0,26.34,14.85,14.0,7.0,CM00013,2,-2.0250069692586172,-0.5350445368577795,Bargain Hunters
13.0,100.0,28.4,20.0,2.0,CM00014,0,-0.3886713661039872,0.8396387513576506,High Spenders
15.0,101.29,51.21,21.0,2.0,CM00015,0,-0.14576089569455766,0.652478346428965,High Spenders
28.0,21.48,5.64,9.0,5.0,CM00016,2,-2.6248560513795858,-0.3993596197511843,Bargain Hunters
15.0,48.23,5.76,19.0,11.0,CM00017,2,-1.9669317239214013,-0.4423956571867476,Bargain Hunters
9.0,167.25,42.02,23.0,2.0,CM00018,0,0.3240556923268528,1.7687074723494651,High Spenders
24.0,42.0,22.01,17.0,9.0,CM00019,2,-2.227259855997987,-0.596670489775507,Bargain Hunters
4.0,37.21,97.61,50.0,3.0,CM00020,1,2.0305819302096695,-1.1890287306371043,Window Shoppers
25.0,23.37,25.43,10.0,9.0,CM00021,2,-2.489049815318813,-0.7652132172164455,Bargain Hunters
22.0,20.49,13.49,16.0,6.0,CM00022,2,-1.963222523869003,-0.6035411825356055,Bargain Hunters
5.0,53.25,118.66,43.0,0.0,CM00023,1,2.424545598494794,-0.7351054462228784,Window Shoppers
6.0,55.45,85.37,46.0,0.0,CM00024,1,1.924943514129258,-0.5563567953010378,Window Shoppers
9.0,167.57,50.32,21.0,2.0,CM00025,0,0.3944873584309124,1.7613242187391347,High Spenders
6.0,29.86,65.17,54.0,0.0,CM00026,1,1.8036388224301776,-0.9868277368133896,Window Shoppers
5.0,196.93,51.28,22.0,3.0,CM00027,0,0.6763871209217761,2.1705219493581156,High Spenders
3.0,71.22,76.43,54.0,2.0,CM00028,1,2.0584145639018603,-0.5277418947770512,Window Shoppers
9.0,180.97,41.96,13.0,4.0,CM00029,0,-0.16485977082638703,2.0580249339273426,High Spenders
7.0,177.98,42.14,23.0,1.0,CM00030,0,0.5970416399298378,2.032497663102756,High Spenders
10.0,159.86,51.02,17.0,0.0,CM00031,0,0.41197843813302265,1.8535017817255213,High Spenders
17.0,13.66,22.08,11.0,9.0,CM00032,2,-1.9452111088352475,-0.7936739775384789,Bargain Hunters
13.0,145.42,36.43,13.0,2.0,CM00033,0,-0.3927643071122896,1.6339183991368773,High Spenders
3.0,54.62,89.83,51.0,1.0,CM00034,1,2.2552413640013502,-0.7356659824610284,Window Shoppers
22.0,46.98,26.84,17.0,9.0,CM00035,2,-1.997158697661493,-0.5235312655512662,Bargain Hunters
12.0,117.71,47.02,9.0,3.0,CM00036,0,-0.42920384536609163,1.1707334272837449,High Spenders
7.0,73.25,115.03,63.0,0.0,CM00037,1,2.855856188609339,-0.8757324804638805,Window Shoppers
12.0,187.29,52.41,20.0,3.0,CM00038,0,0.10677924079972383,1.9552064327387881,High Spenders
24.0,29.22,23.46,21.0,11.0,CM00039,2,-2.320122956141384,-1.0316330266821636,Bargain Hunters
16.0,45.23,10.94,12.0,12.0,CM00040,2,-2.280092570670391,-0.45467262613886417,Bargain Hunters
6.0,55.15,60.26,49.0,1.0,CM00041,1,1.5153354804942698,-0.5272390514159404,Window Shoppers
5.0,38.11,99.57,54.0,0.0,CM00042,1,2.4287858233859874,-1.079539375296815,Window Shoppers
29.0,11.88,14.92,14.0,9.0,CM00043,2,-2.8454924143351485,-1.0173560952755754,Bargain Hunters
22.0,11.48,20.79,16.0,16.0,CM00044,2,-2.928851875030017,-1.4982570008298512,Bargain Hunters
22.0,18.26,29.67,18.0,10.0,CM00045,2,-2.079918930490363,-1.074649352810026,Bargain Hunters
6.0,119.62,42.21,21.0,1.0,CM00046,0,0.5084812656155773,1.1988130795431402,High Spenders
16.0,158.27,57.66,16.0,5.0,CM00047,0,-0.4864212371676354,1.3629871907914608,High Spenders
6.0,49.86,80.43,58.0,2.0,CM00048,1,1.9843285847586403,-1.0144703294858992,Window Shoppers
18.0,16.87,17.0,13.0,9.0,CM00049,2,-2.032018002964958,-0.7691136004524275,Bargain Hunters
8.0,37.37,87.37,37.0,1.0,CM00050,1,1.4027484882777328,-0.7483645785160837,Window Shoppers
12.0,197.09,30.09,20.0,5.0,CM00051,0,-0.4376356598085003,2.115231310507934,High Spenders
4.0,51.23,73.65,58.0,0.0,CM00052,1,2.239375979604353,-0.7761589600605571,Window Shoppers
19.0,13.42,10.33,11.0,10.0,CM00053,2,-2.3815255665591337,-0.8180584989563353,Bargain Hunters
4.0,45.09,115.76,45.0,0.0,CM00054,1,2.497644018005695,-0.8693677544013972,Window Shoppers
20.0,21.73,15.23,13.0,10.0,CM00055,2,-2.303359181047728,-0.7833419762909378,Bargain Hunters
8.0,102.57,27.23,30.0,1.0,CM00056,0,0.36789546366456716,0.8115514963646147,High Spenders
27.0,37.52,28.18,23.0,5.0,CM00057,2,-1.7522988716324381,-0.6012525386529507,Bargain Hunters
4.0,65.22,94.53,51.0,1.0,CM00058,1,2.2744422417089982,-0.6204550950751734,Window Shoppers
6.0,73.75,113.7,58.0,0.0,CM00059,1,2.7591929562388127,-0.7338283987510371,Window Shoppers
2.0,36.53,93.26,50.0,0.0,CM00060,1,2.426393122186097,-0.9278352947512701,Window Shoppers
8.0,173.02,49.99,9.0,3.0,CM00061,0,0.0062357380249298796,2.055811073022509,High Spenders
22.0,45.44,17.87,14.0,5.0,CM00062,2,-1.8043315939710238,-0.136992290262064,Bargain Hunters
4.0,144.3,27.95,17.0,1.0,CM00063,0,0.35511565745810864,1.7911070252863313,High Spenders
7.0,35.9,79.72,61.0,0.0,CM00064,1,2.1783235209506704,-1.1627007820333854,Window Shoppers
24.0,44.96,22.56,14.0,11.0,CM00065,2,-2.5160336208106324,-0.630439033223027,Bargain Hunters
17.0,26.35,22.08,16.0,9.0,CM00066,2,-1.7732052713382593,-0.7099721441141794,Bargain Hunters
18.0,37.9,14.16,9.0,9.0,CM00067,2,-2.1591393231321687,-0.34004664200633883,Bargain Hunters
25.0,43.4,5.29,10.0,10.0,CM00068,2,-2.8749977516781597,-0.3928630789019263,Bargain Hunters
4.0,30.41,83.94,45.0,1.0,CM00069,1,1.8680408864218765,-0.9483183491312832,Window Shoppers
25.0,27.63,29.34,18.0,8.0,CM00070,2,-2.0745700117213492,-0.8324141954302633,Bargain Hunters
15.0,28.13,6.14,19.0,11.0,CM00071,2,-1.9963648639796074,-0.7522793257741768,Bargain Hunters
14.0,42.63,16.09,14.0,12.0,CM00072,2,-1.9984597725872584,-0.5437200506834484,Bargain Hunters
25.0,41.98,10.48,18.0,6.0,CM00073,2,-2.1313421443544556,-0.34339318060417906,Bargain Hunters
8.0,154.89,44.4,18.0,1.0,CM00074,0,0.3691400662211471,1.7595256819092375,High Spenders
16.0,108.61,44.17,20.0,2.0,CM00075,0,-0.34577572630645226,0.81938009269963,High Spenders
6.0,70.91,98.69,50.0,1.0,CM00076,1,2.1737072865598064,-0.5694910867869988,Window Shoppers
8.0,43.91,107.52,56.0,1.0,CM00077,1,2.2979826965178645,-1.2044812037269252,Window Shoppers
3.0,64.42,69.85,43.0,0.0,CM00078,1,1.8270897504281505,-0.2028362394569472,Window Shoppers
9.0,142.64,22.91,20.0,1.0,CM00079,0,-0.0013798979544931355,1.6592326819974936,High Spenders
9.0,106.2,50.08,19.0,2.0,CM00080,0,0.2228646812521604,0.8688160846690235,High Spenders
7.0,107.12,40.51,16.0,1.0,CM00081,0,0.23731745504693422,1.114656615150094,High Spenders
10.0,194.59,36.11,22.0,3.0,CM00082,0,0.0705481346280035,2.1632730332700385,High Spenders
5.0,61.2,79.37,50.0,3.0,CM00083,1,1.7147704826293928,-0.7132216775804526,Window Shoppers
12.0,109.66,31.53,15.0,1.0,CM00084,0,-0.2931118375185391,1.1620162515191805,High Spenders
18.0,19.81,10.0,5.0,17.0,CM00085,2,-3.2268428390862605,-1.0659896840540444,Bargain Hunters
10.0,143.28,32.48,15.0,1.0,CM00086,0,-0.07325717338625849,1.6993871838555987,High Spenders
25.0,29.58,26.71,24.0,10.0,CM00087,2,-2.1454159596093234,-1.0585752202455085,Bargain Hunters
25.0,25.33,5.83,17.0,9.0,CM00088,2,-2.582426725922349,-0.7564972760402194,Bargain Hunters
21.0,33.72,25.95,17.0,12.0,CM00089,2,-2.280650377746975,-0.9175076757121899,Bargain Hunters
10.0,52.48,93.93,41.0,0.0,CM00090,1,1.6121672211110596,-0.6092649459031866,Window Shoppers
3.0,59.02,84.11,32.0,4.0,CM00091,1,1.2856522246849056,-0.4225542773668902,Window Shoppers
8.0,151.63,39.02,19.0,1.0,CM00092,0,0.3092424910811912,1.724180618879709,High Spenders
18.0,44.74,8.13,11.0,12.0,CM00093,2,-2.500651927889474,-0.4508299718297183,Bargain Hunters
19.0,38.33,5.14,16.0,12.0,CM00094,2,-2.481915609488504,-0.6537346987723466,Bargain Hunters
4.0,20.57,69.45,59.0,1.0,CM00095,1,2.0433152363690947,-1.3091668914147336,Window Shoppers
22.0,48.01,22.98,12.0,12.0,CM00096,2,-2.5245193149829217,-0.5834518157213894,Bargain Hunters
14.0,194.9,44.85,13.0,2.0,CM00098,0,-0.2469929658831336,2.3182732318962196,High Spenders
19.0,16.21,8.25,11.0,12.0,CM00099,2,-2.621904193847073,-0.9027413346570614,Bargain Hunters
21.0,16.65,8.32,17.0,5.0,CM00100,2,-1.8415507660223207,-0.5635333212068665,Bargain Hunters
2.0,44.68,68.68,47.0,0.0,CM00101,1,1.9667202228071705,-0.5700209250166799,Window Shoppers
15.0,14.26,21.09,13.0,8.0,CM00102,2,-1.647533560666775,-0.7213393422388833,Bargain Hunters
24.0,36.72,11.86,20.0,9.0,CM00103,2,-2.305403170310333,-0.6746099519556307,Bargain Hunters
14.0,188.33,37.1,26.0,1.0,CM00104,0,0.11584280098453549,2.0544172413142556,High Spenders
19.0,162.57,34.77,15.0,1.0,CM00105,0,-0.6597903233631109,1.8445424716233358,High Spenders
4.0,30.23,89.63,47.0,2.0,CM00106,1,1.9101462433328242,-1.1045952726377792,Window Shoppers
11.0,124.03,36.76,19.0,0.0,CM00107,0,0.11297387572373463,1.343573704546249,High Spenders
5.0,26.23,80.28,42.0,1.0,CM00108,1,1.6407514654295894,-0.9360792093153867,Window Shoppers
28.0,20.39,19.5,12.0,13.0,CM00109,2,-3.1714276003738773,-1.1422802956794365,Bargain Hunters
3.0,68.64,103.49,49.0,2.0,CM00110,1,2.3271774792897832,-0.6407531781416546,Window Shoppers
22.0,41.18,17.89,20.0,7.0,CM00111,2,-1.844683869103138,-0.4761029409544579,Bargain Hunters
21.0,13.01,18.16,14.0,8.0,CM00112,2,-2.103114901354743,-0.8320700838040621,Bargain Hunters
7.0,147.85,23.26,22.0,2.0,CM00113,0,0.11258019754761532,1.6514702826635848,High Spenders
15.0,160.09,51.97,21.0,1.0,CM00114,0,0.07598577221108797,1.6170216105615165,High Spenders
4.0,63.12,98.92,45.0,2.0,CM00115,1,2.0533709172466303,-0.6207550119752366,Window Shoppers
11.0,153.19,49.38,31.0,2.0,CM00116,0,0.5079952129600623,1.297416801685826,High Spenders
22.0,10.74,12.29,19.0,9.0,CM00117,2,-2.2284982780841878,-1.022845806436592,Bargain Hunters
5.0,79.52,99.66,47.0,1.0,CM00118,1,2.187137223631912,-0.36334947209894963,Window Shoppers
12.0,194.6,53.76,24.0,3.0,CM00119,0,0.2604843639014855,1.9695441172743673,High Spenders
16.0,16.43,16.59,11.0,13.0,CM00120,2,-2.3787833270364542,-0.9820518439914115,Bargain Hunters
8.0,24.34,115.96,55.0,2.0,CM00121,1,2.259146016216486,-1.6097048960530622,Window Shoppers
5.0,49.88,69.92,54.0,1.0,CM00122,1,1.8796500893268562,-0.7688511930123059,Window Shoppers
9.0,31.28,89.1,58.0,2.0,CM00123,1,1.8683933762316967,-1.4021811249165266,Window Shoppers
5.0,69.69,118.83,50.0,0.0,CM00124,1,2.6656774939714807,-0.6393507855810179,Window Shoppers
5.0,55.62,76.35,45.0,1.0,CM00125,1,1.7208473233492845,-0.5262278115165268,Window Shoppers
8.0,24.07,78.98,59.0,1.0,CM00126,1,1.9067606615631056,-1.3800598216470457,Window Shoppers
7.0,154.81,31.22,11.0,0.0,CM00127,0,0.13274661603667376,2.087945623746982,High Spenders
9.0,190.24,34.52,21.0,3.0,CM00128,0,0.0810242542793828,2.14454527245243,High Spenders
14.0,49.65,17.68,19.0,12.0,CM00129,2,-1.8115788760400964,-0.5575090931733561,Bargain Hunters
3.0,140.07,40.18,19.0,1.0,CM00130,0,0.6716283325111472,1.614117996368305,High Spenders
10.0,106.94,59.13,17.0,2.0,CM00131,0,0.2328392549439528,0.8478463991758087,High Spenders
6.0,52.52,64.51,55.0,1.0,CM00132,1,1.7567471563477561,-0.7287007462979657,Window Shoppers
3.0,76.86,108.67,48.0,0.0,CM00133,1,2.605453669964453,-0.3867453763109623,Window Shoppers
5.0,48.22,86.63,56.0,1.0,CM00134,1,2.1977932273992633,-0.9519021094220939,Window Shoppers
8.0,132.35,56.28,18.0,0.0,CM00135,0,0.6215581656450561,1.4049292483381843,High Spenders
27.0,10.52,10.75,15.0,9.0,CM00136,2,-2.7372936278184574,-1.0020523757133493,Bargain Hunters
14.0,20.38,24.41,9.0,8.0,CM00137,2,-1.6316873095387645,-0.5471729083471827,Bargain Hunters
4.0,37.01,91.17,43.0,0.0,CM00138,1,2.0391871473043643,-0.7816821094525982,Window Shoppers
28.0,17.26,14.21,18.0,9.0,CM00140,2,-2.654464267921964,-1.0036161297469748,Bargain Hunters
17.0,45.85,27.35,16.0,11.0,CM00141,2,-1.8692884909353074,-0.5891264997309592,Bargain Hunters
1.0,61.39,103.71,51.0,2.0,CM00142,1,2.523565820709406,-0.7673925131217958,Window Shoppers
18.0,46.69,17.45,18.0,4.0,CM00143,2,-1.2908920311533645,-0.07289511035813365,Bargain Hunters
20.0,20.89,13.42,6.0,8.0,CM00144,2,-2.3298964151070485,-0.4879777984491542,Bargain Hunters
15.0,155.47,30.82,19.0,1.0,CM00145,0,-0.3226111517197019,1.734230509310662,High Spenders
8.0,71.67,98.61,52.0,2.0,CM00146,1,1.9814365820328035,-0.7020110663711234,Window Shoppers
13.0,144.41,31.43,20.0,4.0,CM00147,0,-0.4759303622641533,1.3565454148961897,High Spenders
22.0,35.99,29.67,19.0,9.0,CM00148,2,-1.9123941600907783,-0.754908045985768,Bargain Hunters
5.0,62.85,96.57,57.0,0.0,CM00149,1,2.515235280750859,-0.7470996313677413,Window Shoppers
8.0,185.0,32.26,17.0,3.0,CM00150,0,-0.010342725588368741,2.1829499416875113,High Spenders
11.0,131.52,40.86,12.0,3.0,CM00151,0,-0.33846417146755103,1.3724524610912325,High Spenders
26.0,13.31,22.24,10.0,11.0,CM00152,2,-2.842312504329866,-1.0537235987453113,Bargain Hunters
5.0,53.37,77.48,42.0,1.0,CM00153,1,1.644746752157862,-0.5021192413386774,Window Shoppers
27.0,26.86,16.83,22.0,15.0,CM00154,2,-3.0422860558801985,-1.3724023476892204,Bargain Hunters
27.0,37.9,23.13,16.0,18.0,CM00155,2,-3.4231536206387903,-1.3262605207229339,Bargain Hunters
4.0,43.59,105.33,39.0,0.0,CM00156,1,2.1523641719789577,-0.6890539087982376,Window Shoppers
10.0,135.47,28.27,16.0,3.0,CM00157,0,-0.3356496907941852,1.445056398379855,High Spenders
20.0,47.79,8.05,19.0,12.0,CM00158,2,-2.402896550081643,-0.6099760261406595,Bargain Hunters
8.0,166.65,25.53,12.0,2.0,CM00159,0,-0.19111839657757,2.129182044646106,High Spenders
5.0,60.09,99.45,51.0,0.0,CM00160,1,2.3757875358788816,-0.6764932819265075,Window Shoppers
13.0,181.37,51.34,23.0,0.0,CM00161,0,0.4156841623255698,2.003078889178147,High Spenders
6.0,39.65,85.98,43.0,0.0,CM00162,1,1.8168688467515879,-0.7358756945977457,Window Shoppers
3.0,46.89,114.76,51.0,0.0,CM00163,1,2.7377082451203085,-0.9525148514775924,Window Shoppers
5.0,65.82,76.11,44.0,1.0,CM00164,1,1.7051116440495235,-0.34659074249296107,Window Shoppers
10.0,109.8,22.19,20.0,1.0,CM00165,0,-0.14334720577469004,1.1471352653088673,High Spenders
12.0,106.14,27.95,16.0,1.0,CM00166,0,-0.32533105147910135,1.110464823690279,High Spenders
4.0,72.83,80.42,49.0,2.0,CM00167,1,1.9010229838936799,-0.4348403264114576,Window Shoppers
18.0,44.87,14.33,15.0,9.0,CM00168,2,-1.9646078618165925,-0.3670131442885591,Bargain Hunters
7.0,158.56,23.51,20.0,3.0,CM00169,0,-0.030921400652975137,1.786901053228304,High Spenders
15.0,137.78,50.63,17.0,4.0,CM00170,0,-0.4231247350306136,1.1610783623975973,High Spenders
21.0,30.98,26.79,13.0,6.0,CM00171,2,-1.7537530090180316,-0.45244148538572493,Bargain Hunters
30.0,29.82,7.04,10.0,10.0,CM00172,2,-3.236139766306927,-0.686930630180303,Bargain Hunters
7.0,172.89,38.87,32.0,5.0,CM00173,0,0.380830515257767,1.495394951601171,High Spenders
15.0,18.81,29.43,9.0,21.0,CM00174,2,-3.0119457287471665,-1.5397677067017956,Bargain Hunters
8.0,141.08,21.56,23.0,0.0,CM00175,0,0.24388433796580486,1.6640166817495772,High Spenders
13.0,164.82,30.77,18.0,3.0,CM00177,0,-0.4038097231800028,1.7879316158283705,High Spenders
5.0,33.67,101.79,33.0,1.0,CM00178,1,1.7206569404696084,-0.7699364387636323,Window Shoppers
16.0,20.68,24.06,20.0,8.0,CM00179,2,-1.4531878826424531,-0.812714545401904,Bargain Hunters
3.0,33.29,90.84,43.0,0.0,CM00180,1,2.1004017895516176,-0.8214021375815058,Window Shoppers
28.0,13.48,21.47,29.0,17.0,CM00181,2,-3.0694574690427263,-1.9193124986022128,Bargain Hunters
21.0,18.88,9.09,16.0,9.0,CM00182,2,-2.281077021466729,-0.7955539562232627,Bargain Hunters
4.0,59.32,70.28,43.0,1.0,CM00183,1,1.6455283637956437,-0.36937750689086357,Window Shoppers
27.0,47.71,8.71,10.0,9.0,CM00184,2,-2.8534056226262354,-0.3092950873812988,Bargain Hunters
17.0,26.38,8.28,16.0,13.0,CM00185,2,-2.4144131741939834,-0.8986842059845852,Bargain Hunters
14.0,16.25,11.84,18.0,15.0,CM00186,2,-2.3107418828334723,-1.2186115108211781,Bargain Hunters
3.0,50.27,104.14,56.0,2.0,CM00187,1,2.5145519766966213,-1.080457478947934,Window Shoppers
7.0,176.65,40.0,24.0,2.0,CM00188,0,0.48479723915910106,1.933907238183576,High Spenders
13.0,140.54,48.7,12.0,2.0,CM00189,0,-0.2394938393429202,1.4979952217714527,High Spenders
8.0,161.36,38.34,12.0,3.0,CM00190,0,-0.10658200822020086,1.8905229064953448,High Spenders
15.0,34.02,5.24,10.0,3.0,CM00191,2,-1.418375447261056,0.10833436181011115,Bargain Hunters
18.0,23.67,9.89,9.0,6.0,CM00192,2,-1.9317626453617973,-0.3163803298913294,Bargain Hunters
14.0,164.18,27.6,28.0,3.0,CM00193,0,-0.2280593079343541,1.5641545217043427,High Spenders
5.0,72.58,73.91,53.0,1.0,CM00194,1,1.9520319265427142,-0.42684982859957543,Window Shoppers
5.0,144.26,24.5,17.0,3.0,CM00195,0,0.01542256830307588,1.6575554815588078,High Spenders
27.0,41.45,6.43,12.0,13.0,CM00196,2,-3.2657437246869105,-0.716577457163597,Bargain Hunters
23.0,41.02,20.52,12.0,8.0,CM00197,2,-2.2226406429229444,-0.405570310250139,Bargain Hunters
29.0,37.12,21.69,16.0,12.0,CM00198,2,-2.954546149807557,-0.9338068775557807,Bargain Hunters
13.0,123.37,20.55,20.0,3.0,CM00199,0,-0.5766355892396807,1.1795401818111313,High Spenders
18.0,47.01,29.69,17.0,4.0,CM00200,2,-1.1289392855675238,-0.12911354657044236,Bargain Hunters
8.0,77.02,74.75,46.0,0.0,CM00201,1,1.6510624400632505,-0.18423876196103336,Window Shoppers
5.0,171.21,49.69,18.0,3.0,CM00202,0,0.4865317390521059,1.8763513945212587,High Spenders
18.0,13.08,27.73,19.0,9.0,CM00203,2,-1.6913584328281797,-1.0323428621548354,Bargain Hunters
3.0,39.74,114.54,47.0,1.0,CM00204,1,2.495559812718434,-1.0428209506348927,Window Shoppers
10.0,125.23,26.15,21.0,4.0,CM00205,0,-0.3435230236870872,1.1218596356129338,High Spenders
12.0,109.44,39.35,21.0,0.0,CM00206,0,0.11473197481390945,1.043877418323815,High Spenders
3.0,22.14,90.9,51.0,1.0,CM00207,1,2.214806741762232,-1.2395115866686148,Window Shoppers
8.0,158.66,33.15,19.0,0.0,CM00208,0,0.336247847437232,1.9422834407739695,High Spenders
7.0,150.0,37.19,15.0,1.0,CM00209,0,0.23094992172905782,1.8148553226601059,High Spenders
3.0,48.25,68.04,60.0,1.0,CM00210,1,2.172842227444913,-0.883547267036993,Window Shoppers
10.0,128.03,53.15,21.0,4.0,CM00211,0,0.08344337591862988,0.9811979972638287,High Spenders
11.0,184.22,49.69,14.0,2.0,CM00213,0,0.05855948515815136,2.144773621678929,High Spenders
5.0,23.24,107.05,55.0,0.0,CM00214,1,2.5494719416965745,-1.3797714443893339,Window Shoppers
18.0,21.88,5.79,13.0,9.0,CM00215,2,-2.1984254319933045,-0.6163436086419852,Bargain Hunters
12.0,120.23,43.81,23.0,2.0,CM00216,0,0.050528660287671875,0.9929388111144456,High Spenders
9.0,104.03,22.15,11.0,4.0,CM00217,0,-0.6697832749375086,1.060454436022907,High Spenders
15.0,34.31,29.13,10.0,14.0,CM00218,2,-2.2147067915487813,-0.827665228475141,Bargain Hunters
3.0,74.57,96.94,64.0,3.0,CM00219,1,2.5778619914307566,-0.9072519349295163,Window Shoppers
11.0,160.44,37.63,22.0,1.0,CM00220,0,0.17406500002054087,1.7573983989849133,High Spenders
4.0,36.2,72.94,55.0,2.0,CM00221,1,1.8992474032562876,-1.0764080667952456,Window Shoppers
9.0,135.66,21.01,24.0,2.0,CM00222,0,-0.03001196449938857,1.4064441010520168,High Spenders
8.0,27.63,67.57,38.0,2.0,CM00223,1,0.9996591116981495,-0.8555295530556357,Window Shoppers
12.0,50.69,111.24,43.0,0.0,CM00224,1,1.79362116091755,-0.8282030387545251,Window Shoppers
10.0,163.24,27.85,25.0,0.0,CM00225,0,0.29523227359699317,1.8861241848129788,High Spenders
22.0,13.66,21.47,15.0,9.0,CM00226,2,-2.199605013886354,-0.9523340117468446,Bargain Hunters
23.0,35.3,5.19,14.0,7.0,CM00227,2,-2.3060739023056027,-0.362239522548215,Bargain Hunters
16.0,33.29,17.15,21.0,9.0,CM00228,2,-1.615460194067961,-0.6657684424709054,Bargain Hunters
21.0,41.19,24.12,16.0,16.0,CM00229,2,-2.751595805173054,-1.0517484166846454,Bargain Hunters
23.0,31.58,17.31,11.0,11.0,CM00230,2,-2.6385279827347747,-0.7182284261894771,Bargain Hunters
12.0,107.93,57.8,26.0,3.0,CM00231,0,0.23097719306659878,0.5729015101945324,High Spenders
16.0,18.82,26.7,26.0,6.0,CM00232,2,-1.0228111598805554,-0.849991668023179,Bargain Hunters
6.0,131.58,25.53,17.0,2.0,CM00233,0,0.04267615677234014,1.5125213666173623,High Spenders
5.0,175.35,43.88,15.0,3.0,CM00234,0,0.31319698776927624,2.0453128581952034,High Spenders
15.0,195.79,25.57,23.0,4.0,CM00235,0,-0.5331424648272347,2.085885974082206,High Spenders
18.0,44.95,17.99,22.0,13.0,CM00236,2,-2.123266619962332,-0.8280398508067329,Bargain Hunters
15.0,159.35,26.35,15.0,2.0,CM00237,0,-0.6117804974435028,1.8414375266215506,High Spenders
7.0,54.4,81.83,41.0,1.0,CM00238,1,1.538780807952826,-0.5236913414744246,Window Shoppers
7.0,27.37,117.7,42.0,0.0,CM00239,1,2.188221174414093,-1.1320122349311348,Window Shoppers
12.0,105.46,46.84,19.0,3.0,CM00240,0,-0.15422884454739008,0.7640490082833548,High Spenders
4.0,195.46,50.05,24.0,3.0,CM00241,0,0.7873628067512347,2.127192641141266,High Spenders
2.0,28.16,97.8,63.0,1.0,CM00242,1,2.7653910005751787,-1.4441956501229685,Window Shoppers
6.0,43.49,98.28,51.0,2.0,CM00243,1,2.0425901971831206,-1.0787175756770795,Window Shoppers
20.0,17.46,16.37,17.0,8.0,CM00244,2,-1.9605396397843673,-0.8031475725810803,Bargain Hunters
4.0,35.83,82.92,46.0,1.0,CM00245,1,1.8915702470454443,-0.8805850637270398,Window Shoppers
3.0,58.11,111.66,52.0,1.0,CM00246,1,2.632544112447731,-0.8527095752795399,Window Shoppers
11.0,163.78,45.98,23.0,0.0,CM00247,0,0.44678497144506657,1.8003965561535322,High Spenders
17.0,22.75,26.77,10.0,11.0,CM00248,2,-2.09861503896287,-0.8059796067778611,Bargain Hunters
27.0,46.0,20.45,9.0,8.0,CM00249,2,-2.5964529110030834,-0.32241581277826453,Bargain Hunters
5.0,187.8,59.83,21.0,2.0,CM00250,0,0.8704186544071539,2.065636193374007,High Spenders
7.0,167.64,36.63,24.0,1.0,CM00251,0,0.5226523018298211,1.8897924594626192,High Spenders
11.0,133.14,29.56,27.0,0.0,CM00252,0,0.2559397899945042,1.3552809747196422,High Spenders
7.0,47.47,22.73,12.0,7.0,CM00254,2,-0.90364450364772,-0.01265955389865082,Bargain Hunters
20.0,33.61,26.12,18.0,10.0,CM00255,2,-1.962556494355557,-0.7860234237732237,Bargain Hunters
3.0,49.74,62.45,41.0,0.0,CM00256,1,1.625715934580585,-0.3328646758200683,Window Shoppers
2.0,63.47,73.21,51.0,2.0,CM00257,1,1.977559213700791,-0.5432505016835899,Window Shoppers
13.0,10.44,8.56,15.0,6.0,CM00258,2,-1.431629069545833,-0.5674280605460177,Bargain Hunters
23.0,34.13,25.01,15.0,12.0,CM00259,2,-2.500330448476631,-0.8905500546341623,Bargain Hunters
11.0,43.78,27.81,14.0,12.0,CM00260,2,-1.5944812472503318,-0.5610437896921012,Bargain Hunters
4.0,76.83,86.16,66.0,1.0,CM00261,1,2.6130621391037034,-0.7170111541607567,Window Shoppers
2.0,29.35,72.22,63.0,1.0,CM00262,1,2.3676425106623205,-1.2521815233914126,Window Shoppers
8.0,111.82,42.81,26.0,4.0,CM00263,0,0.1888034244989057,0.7231430577649642,High Spenders
24.0,37.85,9.49,16.0,10.0,CM00264,2,-2.5665868562131355,-0.6237165462603536,Bargain Hunters
13.0,183.15,36.74,18.0,2.0,CM00265,0,-0.17184624356419673,2.098341069807634,High Spenders
27.0,24.03,29.25,4.0,11.0,CM00266,2,-2.966400717648217,-0.8200018505898146,Bargain Hunters
10.0,158.45,32.14,19.0,5.0,CM00267,0,-0.35768811435275855,1.5624331878822968,High Spenders
18.0,31.65,28.89,12.0,7.0,CM00268,2,-1.6373127455373293,-0.46040801823000993,Bargain Hunters
14.0,18.6,22.85,16.0,7.0,CM00269,2,-1.3432736010477504,-0.647485418122741,Bargain Hunters
3.0,60.45,115.48,47.0,1.0,CM00270,1,2.5466994693111498,-0.7325808516363146,Window Shoppers
9.0,152.55,54.66,9.0,3.0,CM00271,0,-0.029710795115162895,1.6962080230276442,High Spenders
7.0,55.13,62.33,37.0,1.0,CM00272,1,1.1155209862934348,-0.29177594384307737,Window Shoppers
23.0,34.68,13.53,9.0,8.0,CM00273,2,-2.432863261500696,-0.3888153986384134,Bargain Hunters
11.0,163.37,25.32,18.0,2.0,CM00274,0,-0.2393237712953555,1.9033554119972704,High Spenders
18.0,36.88,22.34,16.0,9.0,CM00275,2,-1.8235295231172062,-0.5656608703720075,Bargain Hunters
9.0,112.43,49.68,20.0,1.0,CM00276,0,0.3638987720732615,1.0154561960193882,High Spenders
6.0,55.37,80.89,48.0,2.0,CM00277,1,1.7018689070299426,-0.7127339392593925,Window Shoppers
16.0,110.34,43.02,14.0,0.0,CM00278,0,-0.3275389731159479,1.1274890559267552,High Spenders
13.0,195.05,27.57,31.0,2.0,CM00279,0,0.09490980937557354,2.0557792185052,High Spenders
6.0,44.64,117.6,52.0,2.0,CM00280,1,2.3765409215352507,-1.214480670178951,Window Shoppers
7.0,66.88,90.34,37.0,3.0,CM00281,1,1.3612494214502486,-0.4439395456770744,Window Shoppers
6.0,69.7,87.26,47.0,1.0,CM00282,1,1.9031107483397918,-0.44413490300765335,Window Shoppers
12.0,190.03,47.68,15.0,1.0,CM00283,0,0.10076889168251611,2.2810214705841654,High Spenders
2.0,62.42,115.92,48.0,2.0,CM00284,1,2.5535102507799503,-0.7833390769950491,Window Shoppers
11.0,182.05,55.46,21.0,2.0,CM00285,0,0.35447458701431195,1.9179538457691345,High Spenders
10.0,195.98,56.83,21.0,1.0,CM00286,0,0.5797113535733224,2.2072624122545896,High Spenders
1.0,31.79,79.76,44.0,2.0,CM00287,1,1.8875675375172103,-0.9027562351163303,Window Shoppers
21.0,33.9,18.99,9.0,12.0,CM00288,2,-2.6286032208112378,-0.6909638343213605,Bargain Hunters
20.0,105.12,36.89,24.0,4.0,CM00289,0,-0.8504271753546756,0.5261257555689625,High Spenders
7.0,172.21,26.75,17.0,6.0,CM00290,0,-0.36522280938223334,1.8275529111526512,High Spenders
5.0,38.53,88.54,45.0,0.0,CM00291,1,1.9877022255838268,-0.7996077065033197,Window Shoppers
7.0,52.25,63.87,51.0,0.0,CM00292,1,1.65999788357133,-0.5844062679881685,Window Shoppers
7.0,25.46,108.63,46.0,1.0,CM00293,1,2.0564367828088397,-1.258566025517175,Window Shoppers
9.0,164.1,48.81,25.0,4.0,CM00295,0,0.2717404835227591,1.4888125717574117,High Spenders
9.0,117.46,34.0,17.0,3.0,CM00296,0,-0.17492433435447383,1.123620860498603,High Spenders
10.0,27.45,28.02,16.0,13.0,CM00297,2,-1.5935361574321727,-0.9120832686689815,Bargain Hunters
11.0,121.79,47.02,18.0,1.0,CM00298,0,0.13308390510015394,1.1909347787481488,High Spenders
13.0,138.21,24.42,17.0,4.0,CM00299,0,-0.6862192234672335,1.375576638533275,High Spenders
2.0,72.91,79.32,38.0,3.0,CM00300,1,1.594139259871618,-0.22437204556740595,Window Shoppers
2.0,77.77,85.53,57.0,1.0,CM00301,1,2.4812958238545137,-0.4699767011547983,Window Shoppers
26.0,20.89,20.0,17.0,7.0,CM00302,2,-2.2288917699727944,-0.794105659433519,Bargain Hunters
7.0,77.5,94.62,48.0,0.0,CM00303,1,2.0952853558459874,-0.3411334950741113,Window Shoppers
7.0,51.39,112.33,53.0,1.0,CM00304,1,2.369447304862977,-1.0417092268230705,Window Shoppers
11.0,140.15,35.07,19.0,1.0,CM00305,0,0.008538130634675269,1.5307742569681457,High Spenders
16.0,15.6,7.93,8.0,12.0,CM00306,2,-2.499025074389161,-0.7989725788072289,Bargain Hunters
5.0,60.28,90.79,52.0,1.0,CM00307,1,2.1643035434179545,-0.7075404254236429,Window Shoppers
16.0,158.17,58.25,18.0,4.0,CM00308,0,-0.31111755440843014,1.3840608549747955,High Spenders
2.0,50.99,105.8,57.0,2.0,CM00309,1,2.644620841943366,-1.087880566883602,Window Shoppers
5.0,61.21,87.03,45.0,1.0,CM00311,1,1.8976246758501618,-0.5133368609549681,Window Shoppers
23.0,49.51,23.57,13.0,6.0,CM00312,2,-1.9173141209413698,-0.1770852106288793,Bargain Hunters
6.0,105.7,28.56,19.0,4.0,CM00313,0,-0.10841321229823851,0.9106657327458823,High Spenders
3.0,68.54,94.28,55.0,0.0,CM00314,1,2.5754233836096097,-0.5705994486258643,Window Shoppers
12.0,27.84,10.71,17.0,16.0,CM00315,2,-2.298491956301125,-1.0525890320564775,Bargain Hunters
2.0,48.85,93.13,48.0,2.0,CM00316,1,2.1733970822845627,-0.8359437037011505,Window Shoppers
6.0,74.66,78.21,51.0,2.0,CM00318,1,1.7837291341692445,-0.4657916960926621,Window Shoppers
4.0,44.77,60.68,47.0,0.0,CM00319,1,1.6959910097916748,-0.5441060711232782,Window Shoppers
14.0,14.1,27.45,18.0,12.0,CM00320,2,-1.75136061686016,-1.1453466653554771,Bargain Hunters
4.0,34.24,66.45,48.0,0.0,CM00321,1,1.7975857430381552,-0.7663657233437658,Window Shoppers
5.0,63.41,118.56,64.0,1.0,CM00322,1,2.9631026928013293,-1.1131352748823797,Window Shoppers
24.0,29.85,27.37,16.0,12.0,CM00323,2,-2.5139581347250957,-1.008995474106088,Bargain Hunters
17.0,32.39,23.74,11.0,12.0,CM00324,2,-2.205465556818013,-0.7308060314251666,Bargain Hunters
5.0,43.31,111.55,42.0,1.0,CM00325,1,2.159593153778376,-0.8874345946392606,Window Shoppers
23.0,31.67,11.72,13.0,5.0,CM00326,2,-2.0275499697340185,-0.2985754989575778,Bargain Hunters
5.0,32.21,75.13,55.0,0.0,CM00327,1,2.0663141010348243,-1.025730332675315,Window Shoppers
11.0,12.61,9.52,12.0,13.0,CM00328,2,-2.1014852748763158,-0.939918321305387,Bargain Hunters
17.0,10.85,29.24,7.0,9.0,CM00329,2,-1.9579765304892331,-0.797039783877926,Bargain Hunters
7.0,141.48,45.81,20.0,2.0,CM00330,0,0.3939811934509145,1.4449747943692428,High Spenders
6.0,154.13,28.79,20.0,1.0,CM00331,0,0.32951002143149705,1.8396772365712595,High Spenders
19.0,29.04,6.3,11.0,9.0,CM00332,2,-2.3106419511040523,-0.4811294567857831,Bargain Hunters
6.0,75.14,116.6,57.0,2.0,CM00333,1,2.5642585851537345,-0.8516931247904911,Window Shoppers
3.0,74.88,79.18,46.0,0.0,CM00334,1,2.081139641132581,-0.17250270435655232,Window Shoppers
7.0,37.35,104.18,47.0,0.0,CM00335,1,2.1441257898147628,-0.9978717865427679,Window Shoppers
16.0,15.15,20.09,15.0,9.0,CM00336,2,-1.7810365378468755,-0.8307089621321133,Bargain Hunters
4.0,22.95,61.91,39.0,0.0,CM00337,1,1.437339953299529,-0.7095646395568812,Window Shoppers
24.0,18.95,9.43,13.0,4.0,CM00338,2,-2.0522619196031595,-0.4216611680138055,Bargain Hunters
11.0,148.96,35.67,35.0,2.0,CM00339,0,0.4059878116137902,1.237659055838218,High Spenders
5.0,38.8,78.9,54.0,5.0,CM00340,1,1.574965994490932,-1.2822141113619578,Window Shoppers
6.0,46.93,109.08,48.0,2.0,CM00341,1,2.1276555850259817,-1.0333260619079394,Window Shoppers
6.0,44.89,97.04,51.0,0.0,CM00342,1,2.2384474433714088,-0.9074153812100182,Window Shoppers
21.0,11.08,16.28,16.0,8.0,CM00343,2,-2.0760284688523747,-0.8929265706795426,Bargain Hunters
21.0,20.62,20.45,12.0,8.0,CM00344,2,-2.113796659236137,-0.6871601908164042,Bargain Hunters
7.0,195.67,54.46,19.0,1.0,CM00345,0,0.701009412031031,2.3074856916505677,High Spenders
3.0,151.17,27.83,17.0,1.0,CM00346,0,0.4382496147179734,1.9118666214458249,High Spenders
9.0,108.99,27.24,18.0,4.0,CM00347,0,-0.37194958247116267,0.9472633265470225,High Spenders
9.0,141.41,35.72,23.0,1.0,CM00348,0,0.2864934843124415,1.4871948906909644,High Spenders
18.0,14.82,22.9,9.0,12.0,CM00349,2,-2.382305059384452,-0.9645062557476504,Bargain Hunters
30.0,19.55,22.67,11.0,8.0,CM00350,2,-2.76718916333746,-0.8307436047556488,Bargain Hunters
8.0,130.57,23.66,21.0,0.0,CM00351,0,0.1983442306298953,1.5331876487801035,High Spenders
4.0,36.46,106.83,51.0,1.0,CM00352,1,2.4160911433003274,-1.143736838282743,Window Shoppers
3.0,63.22,109.23,64.0,2.0,CM00354,1,2.8563815282145373,-1.093554600692185,Window Shoppers
5.0,68.49,75.21,53.0,1.0,CM00355,1,1.9651545359044789,-0.49821406449512573,Window Shoppers
1.0,44.21,102.59,43.0,0.0,CM00356,1,2.4491234330469593,-0.704471072128043,Window Shoppers
16.0,198.25,40.44,17.0,3.0,CM00357,0,-0.44251884034396854,2.210649567813,High Spenders
5.0,71.94,73.7,44.0,0.0,CM00358,1,1.7845990325626795,-0.16591189170483087,Window Shoppers
22.0,28.7,16.3,11.0,15.0,CM00359,2,-3.012016159574338,-1.0234294605135774,Bargain Hunters
14.0,37.19,10.15,11.0,17.0,CM00360,2,-2.7226258637994345,-0.8740205299135848,Bargain Hunters
7.0,193.47,59.06,21.0,2.0,CM00361,0,0.7225220122081462,2.127732475818647,High Spenders
17.0,44.05,24.56,18.0,7.0,CM00362,2,-1.4306455842171344,-0.3588676743649478,Bargain Hunters
5.0,65.77,91.62,43.0,0.0,CM00363,1,2.0239148282651014,-0.35995016024574844,Window Shoppers
6.0,52.02,82.02,40.0,2.0,CM00364,1,1.4741591372061091,-0.5951319589379579,Window Shoppers
18.0,18.73,7.8,10.0,8.0,CM00365,2,-2.155966535572753,-0.5412385193401404,Bargain Hunters
19.0,191.73,49.23,17.0,0.0,CM00366,0,-0.2161905792017192,2.218712385115694,High Spenders
6.0,182.01,46.76,20.0,2.0,CM00367,0,0.5530768782993678,2.0730788993133737,High Spenders
6.0,51.14,66.87,44.0,1.0,CM00368,1,1.4619264808503185,-0.523151687042477,Window Shoppers
11.0,178.35,54.34,19.0,1.0,CM00369,0,0.37697499859175465,1.9838569138186388,High Spenders
15.0,48.76,8.49,11.0,12.0,CM00370,2,-2.269191566540747,-0.3470821145565898,Bargain Hunters
22.0,11.02,16.15,13.0,9.0,CM00371,2,-2.347277638649893,-0.9124212905587595,Bargain Hunters
12.0,157.16,34.29,19.0,3.0,CM00372,0,-0.25941459883967716,1.6397507614889764,High Spenders
4.0,35.12,87.86,56.0,1.0,CM00373,1,2.2668849604145094,-1.1456299824233822,Window Shoppers
13.0,133.54,37.77,27.0,3.0,CM00374,0,-0.08002823851707094,1.0635773345921749,High Spenders
22.0,39.13,23.29,23.0,6.0,CM00375,2,-1.567691781745831,-0.5395890964649295,Bargain Hunters
7.0,59.53,96.17,51.0,0.0,CM00376,1,2.1776930606828446,-0.6925892792048366,Window Shoppers
10.0,159.57,52.1,17.0,3.0,CM00377,0,0.10918566109127126,1.629521152627167,High Spenders
5.0,56.39,95.79,43.0,1.0,CM00378,1,1.9662010140865653,-0.6024294643712003,Window Shoppers
14.0,157.69,28.99,15.0,2.0,CM00379,0,-0.5005162974612998,1.8130304013398961,High Spenders
15.0,42.26,22.01,16.0,11.0,CM00380,2,-1.8132371878060882,-0.577903889901737,Bargain Hunters
20.0,33.7,26.96,8.0,11.0,CM00381,2,-2.355002734183058,-0.640469630551384,Bargain Hunters
14.0,25.89,14.94,12.0,10.0,CM00382,2,-1.8929887202000202,-0.6062408425805585,Bargain Hunters
12.0,176.37,55.2,21.0,3.0,CM00383,0,0.16110705187376897,1.74723384470259,High Spenders
17.0,48.84,27.52,12.0,16.0,CM00384,2,-2.5130479132600088,-0.810000169060995,Bargain Hunters
15.0,134.27,34.22,18.0,0.0,CM00385,0,-0.23032098227745085,1.4798061334643209,High Spenders
7.0,74.43,95.62,47.0,0.0,CM00386,1,2.0755790167809316,-0.37280259198319143,Window Shoppers
7.0,113.46,46.77,17.0,1.0,CM00387,0,0.37626004796779816,1.1469865456101167,High Spenders
8.0,100.42,29.31,17.0,3.0,CM00388,0,-0.205302322808763,0.9098832319812223,High Spenders
10.0,111.51,32.49,19.0,2.0,CM00389,0,-0.11566053390885932,1.0546146283411657,High Spenders
8.0,45.1,100.06,50.0,1.0,CM00390,1,2.003861112495679,-1.003222617187836,Window Shoppers
5.0,158.56,36.01,21.0,1.0,CM00391,0,0.5530166587626475,1.8511937829194842,High Spenders
23.0,19.2,8.29,17.0,8.0,CM00392,2,-2.3025351182184677,-0.7663741355596405,Bargain Hunters
13.0,118.53,36.75,17.0,0.0,CM00393,0,-0.10257000409994838,1.2738559955771365,High Spenders
9.0,150.03,36.39,26.0,3.0,CM00394,0,0.18916422649405273,1.4067714960925528,High Spenders
13.0,42.38,22.24,9.0,7.0,CM00395,2,-1.4475825485280704,-0.11043015220135168,Bargain Hunters
5.0,71.47,79.55,50.0,0.0,CM00396,1,2.0548216883501995,-0.34522242660810976,Window Shoppers
6.0,44.34,101.89,50.0,0.0,CM00397,1,2.2833555316268157,-0.9267185612971177,Window Shoppers
5.0,69.63,64.78,59.0,0.0,CM00398,1,2.090124757965892,-0.47154835872127,Window Shoppers
20.0,48.52,5.46,16.0,9.0,CM00399,2,-2.2127363714366144,-0.30282113700940905,Bargain Hunters
7.0,78.92,61.83,37.0,1.0,CM00400,1,1.1495722375335815,0.07533819777385692,Window Shoppers
9.0,169.78,22.38,18.0,2.0,CM00401,0,-0.12815942546745482,2.0511559133493056,High Spenders
8.0,168.93,20.81,20.0,2.0,CM00402,0,-0.02140719683127971,2.019615917442818,High Spenders
16.0,18.32,5.78,11.0,11.0,CM00403,2,-2.3316530721925366,-0.73822836586133,Bargain Hunters
6.0,112.83,20.9,18.0,3.0,CM00404,0,-0.13914615528930094,1.1645229676008353,High Spenders
5.0,24.8,113.2,57.0,0.0,CM00405,1,2.7082177166734995,-1.4418358858053233,Window Shoppers
10.0,133.93,58.63,22.0,2.0,CM00406,0,0.4221953857151827,1.153573257611415,High Spenders
5.0,55.17,92.65,47.0,2.0,CM00407,1,1.9283231484740933,-0.7587295048538164,Window Shoppers
11.0,183.91,36.76,18.0,5.0,CM00408,0,-0.34352105323065923,1.9274389403944832,High Spenders
32.0,20.72,24.03,12.0,11.0,CM00410,2,-3.178940248724783,-1.0861902096600256,Bargain Hunters
18.0,43.16,20.57,9.0,10.0,CM00411,2,-2.1560753704892583,-0.3739215741646047,Bargain Hunters
21.0,19.32,19.82,16.0,2.0,CM00412,2,-1.3678653934355207,-0.36658690717458825,Bargain Hunters
24.0,28.97,11.92,7.0,10.0,CM00413,2,-2.8136428710190104,-0.5774322507076349,Bargain Hunters
13.0,163.15,57.68,18.0,4.0,CM00414,0,-0.09250463179826092,1.508805314455459,High Spenders
6.0,59.5,91.06,34.0,3.0,CM00415,1,1.3426316213522012,-0.4805643603436689,Window Shoppers
15.0,45.15,24.95,15.0,4.0,CM00416,2,-1.0474146217835985,-0.03648307459572368,Bargain Hunters
11.0,130.78,55.45,20.0,4.0,CM00417,0,0.02138021107247237,1.0147637327272778,High Spenders
9.0,59.55,65.69,54.0,2.0,CM00418,1,1.4324822954885463,-0.7226476589066565,Window Shoppers
7.0,117.72,54.92,14.0,1.0,CM00419,0,0.42134618208153984,1.2229219593866132,High Spenders
13.0,138.32,55.17,25.0,1.0,CM00420,0,0.3532710477348626,1.2040173478774412,High Spenders
4.0,40.87,83.62,54.0,0.0,CM00421,1,2.25724700513852,-0.9140483874951219,Window Shoppers
21.0,20.83,17.22,24.0,9.0,CM00422,2,-1.9110873529758379,-0.9974833700259564,Bargain Hunters
9.0,77.47,118.79,55.0,0.0,CM00423,1,2.5367391176999257,-0.6900894225184323,Window Shoppers
14.0,23.91,13.18,20.0,7.0,CM00424,2,-1.3653425389405986,-0.5888421351345952,Bargain Hunters
10.0,116.19,25.23,20.0,2.0,CM00426,0,-0.19097132263497743,1.1534362372463849,High Spenders
11.0,104.41,28.17,16.0,8.0,CM00427,0,-0.9967331640334541,0.602279513475733,High Spenders
22.0,27.01,17.29,14.0,12.0,CM00428,2,-2.590547552274834,-0.9099728842676261,Bargain Hunters
13.0,45.78,15.76,16.0,13.0,CM00429,2,-1.9716736193152793,-0.5932675843530371,Bargain Hunters
5.0,70.84,109.68,56.0,0.0,CM00430,1,2.7042850896650337,-0.6919660659209687,Window Shoppers
13.0,37.69,5.77,16.0,9.0,CM00431,2,-1.7165131898113846,-0.366124609432077,Bargain Hunters
8.0,44.48,83.36,44.0,1.0,CM00432,1,1.562123138927515,-0.7668490090852891,Window Shoppers
3.0,21.18,102.13,56.0,4.0,CM00433,1,2.2191635684024162,-1.653017561663724,Window Shoppers
19.0,143.99,48.38,21.0,4.0,CM00434,0,-0.6193054052777821,1.1234160979553265,High Spenders
27.0,21.78,20.42,22.0,7.0,CM00435,2,-2.1440066203287143,-0.9085749307887175,Bargain Hunters
6.0,144.18,30.0,21.0,1.0,CM00436,0,0.3608477983104836,1.6572710028007558,High Spenders
5.0,35.76,110.77,56.0,1.0,CM00437,1,2.553199492485292,-1.3064340611107153,Window Shoppers
16.0,47.28,21.19,10.0,6.0,CM00438,2,-1.5378078374119504,-0.024440876711123157,Bargain Hunters
10.0,42.76,26.79,19.0,6.0,CM00439,2,-0.75129913791409,-0.24069047699222057,Bargain Hunters
20.0,34.97,20.66,9.0,8.0,CM00440,2,-2.1021448057467844,-0.38809749377224545,Bargain Hunters
8.0,102.79,39.0,21.0,2.0,CM00441,0,0.17646024605637511,0.8627593344872226,High Spenders
21.0,18.98,26.7,17.0,8.0,CM00442,2,-1.8693152717816013,-0.8650143152075952,Bargain Hunters
6.0,159.94,54.64,19.0,3.0,CM00443,0,0.5010871800271319,1.633438926984116,High Spenders
6.0,127.2,25.41,17.0,3.0,CM00444,0,-0.07329569715526651,1.37563653580518,High Spenders
20.0,37.79,29.4,11.0,13.0,CM00445,2,-2.432637114010547,-0.802177992763944,Bargain Hunters
14.0,49.51,25.14,17.0,11.0,CM00446,2,-1.6486988454473719,-0.49548112336553224,Bargain Hunters
10.0,135.31,47.17,23.0,3.0,CM00447,0,0.16903862316322044,1.1597460846288148,High Spenders
14.0,18.85,23.18,13.0,12.0,CM00448,2,-1.9594193630497958,-0.9333993483560611,Bargain Hunters
16.0,42.7,9.64,15.0,6.0,CM00449,2,-1.5767334064125904,-0.1262894093734875,Bargain Hunters
3.0,33.38,112.29,60.0,1.0,CM00450,1,2.8383480280799716,-1.4115758523683988,Window Shoppers
2.0,79.59,111.84,55.0,3.0,CM00451,1,2.6231068066803824,-0.7182802528342259,Window Shoppers
8.0,156.39,35.97,27.0,0.0,CM00452,0,0.6158099882385888,1.7119183959100084,High Spenders
26.0,13.98,8.78,12.0,8.0,CM00453,2,-2.672494255548267,-0.7839333472292443,Bargain Hunters
13.0,31.48,22.32,17.0,5.0,CM00454,2,-1.0132610388427112,-0.31264521333207157,Bargain Hunters
5.0,21.14,107.88,44.0,2.0,CM00455,1,2.0166926594437102,-1.3163056666904471,Window Shoppers
5.0,23.6,94.69,56.0,1.0,CM00456,1,2.2804521733008807,-1.3830773616420549,Window Shoppers
15.0,32.03,10.39,15.0,8.0,CM00457,2,-1.723644137829657,-0.42107631045146343,Bargain Hunters
7.0,191.13,30.25,18.0,2.0,CM00458,0,0.1782688908880439,2.3539127002565188,High Spenders
4.0,25.47,105.29,39.0,0.0,CM00459,1,2.119850482663743,-0.9658121114644361,Window Shoppers
5.0,37.05,106.49,32.0,2.0,CM00460,1,1.663748580040008,-0.7988720633418838,Window Shoppers
7.0,28.58,87.66,43.0,2.0,CM00461,1,1.5379520104023796,-1.0729201114866533,Window Shoppers
7.0,105.04,54.97,27.0,1.0,CM00462,0,0.7889636132554002,0.7419139945895689,High Spenders
13.0,182.84,46.49,13.0,4.0,CM00463,0,-0.38243823592566,1.9961874240218076,High Spenders
8.0,104.87,33.8,21.0,4.0,CM00464,0,-0.11393680424238285,0.7884225256954764,High Spenders
11.0,155.65,29.24,21.0,1.0,CM00465,0,0.004555997594434348,1.7632395772181693,High Spenders
9.0,114.35,40.42,17.0,2.0,CM00466,0,0.026341983551837606,1.103184216697909,High Spenders
13.0,36.35,6.8,13.0,13.0,CM00467,2,-2.218127371521038,-0.6103680444924053,Bargain Hunters
7.0,27.41,88.19,49.0,0.0,CM00468,1,1.936561475690533,-1.0853102523984972,Window Shoppers
2.0,45.91,104.45,51.0,1.0,CM00469,1,2.541358825044458,-0.9532641957087207,Window Shoppers
22.0,20.75,19.55,25.0,14.0,CM00470,2,-2.4497325663066367,-1.405192902808056,Bargain Hunters
17.0,15.48,17.47,25.0,8.0,CM00471,2,-1.4885939914478494,-0.9726573867439023,Bargain Hunters
26.0,38.76,22.66,13.0,17.0,CM00472,2,-3.339483251897756,-1.158084702235153,Bargain Hunters
4.0,21.74,103.25,51.0,1.0,CM00473,1,2.3342269580573682,-1.344458762199871,Window Shoppers
10.0,192.89,29.48,26.0,3.0,CM00474,0,0.08366110741560849,2.0940856654280293,High Spenders
6.0,58.42,83.4,46.0,0.0,CM00475,1,1.899377059665991,-0.49756305781819055,Window Shoppers
20.0,46.62,19.47,16.0,9.0,CM00476,2,-1.9970888257151898,-0.4270699822211939,Bargain Hunters
19.0,44.99,11.45,12.0,10.0,CM00477,2,-2.2785256948528354,-0.3650691707619201,Bargain Hunters
3.0,58.89,101.38,42.0,1.0,CM00478,1,2.1738826874828443,-0.5503082015083263,Window Shoppers
13.0,108.51,49.4,27.0,4.0,CM00479,0,-0.048675910369721506,0.5311389131075286,High Spenders
10.0,146.53,27.16,16.0,1.0,CM00480,0,-0.12076027368460991,1.7631634037254393,High Spenders
8.0,139.63,40.02,16.0,3.0,CM00481,0,0.001175379903525728,1.458636312278624,High Spenders
11.0,148.33,52.81,25.0,2.0,CM00482,0,0.37344887436684876,1.3321796762315563,High Spenders
20.0,21.85,23.41,15.0,8.0,CM00483,2,-1.9026405372991984,-0.739744170056014,Bargain Hunters
15.0,33.61,9.55,10.0,14.0,CM00484,2,-2.5219949886984105,-0.7053176843723085,Bargain Hunters
22.0,34.74,22.39,24.0,8.0,CM00485,2,-1.7723267850924906,-0.7641248002679405,Bargain Hunters
8.0,129.66,26.71,25.0,2.0,CM00486,0,0.15138023495677425,1.2688288874729143,High Spenders
22.0,47.77,15.54,15.0,13.0,CM00487,2,-2.6578207933254494,-0.6734875502512125,Bargain Hunters
13.0,165.81,46.87,22.0,1.0,CM00488,0,0.1821073900367806,1.7468883594784261,High Spenders
2.0,52.17,103.23,47.0,0.0,CM00489,1,2.5199548700980654,-0.6902824741731316,Window Shoppers
21.0,12.71,6.51,17.0,7.0,CM00490,2,-2.08955278241574,-0.7529433475820033,Bargain Hunters
7.0,59.28,84.43,43.0,1.0,CM00491,1,1.6478789884822935,-0.510874642911682,Window Shoppers
3.0,49.51,89.27,55.0,0.0,CM00492,1,2.463621826622802,-0.8274982713486111,Window Shoppers
24.0,21.55,7.61,8.0,13.0,CM00493,2,-3.18330014581851,-0.8958569964567865,Bargain Hunters
6.0,55.05,76.25,39.0,0.0,CM00494,1,1.5721415263479555,-0.3460649568377875,Window Shoppers
10.0,175.63,32.5,21.0,3.0,CM00495,0,-0.04918141151818542,1.9199933465385495,High Spenders
20.0,38.94,21.45,19.0,11.0,CM00496,2,-2.1026269081495697,-0.765599759833454,Bargain Hunters
7.0,55.03,82.56,42.0,3.0,CM00497,1,1.3684588819824428,-0.6825542534442861,Window Shoppers
21.0,17.28,23.96,17.0,8.0,CM00498,2,-1.9151361386727077,-0.8723862015295072,Bargain Hunters
7.0,67.52,82.69,63.0,1.0,CM00499,1,2.233875541896477,-0.8143163272155718,Window Shoppers
7.0,53.42,101.71,46.0,0.0,CM00500,1,2.1038631378132084,-0.71333720126895,Window Shoppers
14.0,172.87,20.4,28.0,1.0,CM00501,0,-0.11253393235175237,1.8874101038663698,High Spenders
5.0,25.74,62.05,53.0,0.0,CM00502,1,1.7906041737114948,-0.9916424898645503,Window Shoppers
2.0,45.13,82.2,58.0,0.0,CM00503,1,2.5081255930348942,-0.897695839526807,Window Shoppers
6.0,22.51,76.26,59.0,1.0,CM00504,1,2.007337853327496,-1.355604655606017,Window Shoppers
12.0,138.73,49.81,18.0,1.0,CM00505,0,0.13358688031860033,1.4160543823917027,High Spenders
19.0,34.63,13.98,18.0,7.0,CM00506,2,-1.7584391065554492,-0.4608161503189519,Bargain Hunters
18.0,38.22,14.28,14.0,10.0,CM00507,2,-2.1134150692353306,-0.5170166509041731,Bargain Hunters
4.0,60.8,109.03,54.0,0.0,CM00508,1,2.6895062043125315,-0.7820114285074179,Window Shoppers
11.0,122.68,40.31,19.0,4.0,CM00509,0,-0.25946359465769897,1.0158669913232903,High Spenders
12.0,35.04,16.13,18.0,11.0,CM00510,2,-1.6392260339881184,-0.6477227060265381,Bargain Hunters
4.0,28.44,117.71,49.0,1.0,CM00511,1,2.512173831088492,-1.296158841224851,Window Shoppers
7.0,71.74,75.88,58.0,0.0,CM00512,1,2.09156915592014,-0.5224761883273138,Window Shoppers
16.0,16.16,21.82,10.0,7.0,CM00513,2,-1.68911472741948,-0.5752401077213793,Bargain Hunters
20.0,47.49,11.09,8.0,10.0,CM00514,2,-2.472411480982777,-0.25106387649794326,Bargain Hunters
6.0,46.02,88.59,52.0,2.0,CM00515,1,1.9255122408993068,-0.9962542426415666,Window Shoppers
9.0,147.85,35.73,24.0,0.0,CM00516,0,0.4343058809374987,1.6342595917327707,High Spenders
4.0,66.11,65.03,60.0,1.0,CM00517,1,2.0843040708136207,-0.6049500893069908,Window Shoppers
10.0,175.51,58.1,29.0,2.0,CM00518,0,0.6966281137763801,1.6384407485294645,High Spenders
12.0,132.69,38.87,22.0,0.0,CM00519,0,0.17808020261673502,1.3805376141168635,High Spenders
9.0,156.59,47.3,12.0,1.0,CM00520,0,0.1649343357021312,1.883272152274342,High Spenders
6.0,29.67,60.32,54.0,0.0,CM00521,1,1.7274937734638558,-0.9567759632787035,Window Shoppers
6.0,138.67,36.61,18.0,1.0,CM00522,0,0.3646683729083421,1.5943010572564142,High Spenders
18.0,36.34,25.45,18.0,12.0,CM00523,2,-2.0351618486398757,-0.8513822309923906,Bargain Hunters
13.0,170.21,47.0,11.0,3.0,CM00524,0,-0.35017462722740683,1.9144868690837553,High Spenders
7.0,105.69,54.36,19.0,5.0,CM00525,0,0.11554321252216906,0.6495499342221391,High Spenders
7.0,108.6,40.72,15.0,1.0,CM00526,0,0.21326988119535084,1.157918983993658,High Spenders
5.0,59.85,61.8,55.0,2.0,CM00527,1,1.6938181872669427,-0.6540449128092872,Window Shoppers
5.0,45.58,72.86,39.0,0.0,CM00528,1,1.575405975483297,-0.45290137345075876,Window Shoppers
5.0,72.71,96.3,39.0,1.0,CM00529,1,1.8831548860624323,-0.26813580861439057,Window Shoppers
14.0,124.58,24.77,15.0,5.0,CM00530,0,-0.943911945660455,1.1232913174375054,High Spenders
6.0,73.1,88.97,48.0,0.0,CM00531,1,2.0721460218140857,-0.3550994456044485,Window Shoppers
14.0,16.68,12.9,16.0,7.0,CM00532,2,-1.5021816318715886,-0.6092275696439116,Bargain Hunters
10.0,173.02,57.27,21.0,1.0,CM00533,0,0.5461829121564546,1.8532455457873174,High Spenders
11.0,108.06,54.46,20.0,1.0,CM00534,0,0.2850856806366377,0.8863413760851767,High Spenders
3.0,28.22,117.04,57.0,1.0,CM00535,1,2.8137107637669447,-1.4565557455599292,Window Shoppers
20.0,19.34,21.6,14.0,13.0,CM00536,2,-2.497224618252663,-1.0974374053351328,Bargain Hunters
17.0,47.76,15.64,14.0,11.0,CM00537,2,-2.108836329019273,-0.436229315651717,Bargain Hunters
20.0,45.16,5.98,9.0,13.0,CM00538,2,-2.8456159832993846,-0.4862333434949802,Bargain Hunters
4.0,71.28,73.55,49.0,1.0,CM00539,1,1.897297776411235,-0.34111878804539786,Window Shoppers
11.0,196.53,29.63,14.0,2.0,CM00540,0,-0.23333600134594215,2.469287952097902,High Spenders
5.0,27.59,104.77,53.0,1.0,CM00541,1,2.35523110890094,-1.3243845721316576,Window Shoppers
15.0,19.23,28.8,14.0,10.0,CM00542,2,-1.701112894297769,-0.8612799346820122,Bargain Hunters
6.0,49.12,94.72,65.0,2.0,CM00543,1,2.415936965234281,-1.2773222788726086,Window Shoppers
10.0,181.25,26.98,14.0,3.0,CM00544,0,-0.33511727071340675,2.1978601079426543,High Spenders
6.0,144.2,36.21,29.0,3.0,CM00545,0,0.4846533275469119,1.2974091823020204,High Spenders
16.0,24.93,13.09,19.0,8.0,CM00546,2,-1.6471160131197735,-0.6511325755161184,Bargain Hunters
4.0,66.07,84.29,50.0,0.0,CM00547,1,2.192329298586884,-0.4450789090732977,Window Shoppers
8.0,159.95,47.88,20.0,2.0,CM00548,0,0.3859223675126066,1.6983785330031074,High Spenders
12.0,139.17,39.45,15.0,0.0,CM00550,0,-0.010992674926509408,1.63010201277487,High Spenders
4.0,25.39,105.1,49.0,0.0,CM00551,1,2.4160865235383207,-1.1863659286219994,Window Shoppers
20.0,10.26,16.98,22.0,13.0,CM00552,2,-2.3459421855606086,-1.3813619085783884,Bargain Hunters
9.0,187.36,20.96,20.0,2.0,CM00553,0,-0.05954806647451798,2.2854548526772724,High Spenders
13.0,147.68,52.48,9.0,1.0,CM00554,0,-0.15125911687512442,1.7183928680213623,High Spenders
18.0,48.0,11.74,18.0,8.0,CM00556,2,-1.8033919916626526,-0.2970107139224791,Bargain Hunters
22.0,45.1,17.43,12.0,7.0,CM00557,2,-2.0844529411019663,-0.23654827369995407,Bargain Hunters
8.0,133.81,33.57,16.0,3.0,CM00558,0,-0.10988732171987428,1.413485373187406,High Spenders
22.0,17.01,17.94,13.0,14.0,CM00559,2,-2.840696494704604,-1.1866859768615974,Bargain Hunters
23.0,44.23,15.49,8.0,9.0,CM00560,2,-2.5217424846916163,-0.30480137658954765,Bargain Hunters
19.0,27.39,11.18,22.0,18.0,CM00561,2,-2.865476608132004,-1.4188245604535927,Bargain Hunters
19.0,35.36,18.34,14.0,17.0,CM00562,2,-2.8726215690936887,-1.0983941463629119,Bargain Hunters
14.0,168.22,36.29,18.0,2.0,CM00563,0,-0.27807428461211847,1.8582283521350769,High Spenders
12.0,112.68,22.5,17.0,0.0,CM00564,0,-0.2626882991198965,1.2961600601308139,High Spenders
22.0,49.92,8.27,8.0,10.0,CM00565,2,-2.6580537194244673,-0.22457264634257965,Bargain Hunters
21.0,32.08,5.81,14.0,10.0,CM00566,2,-2.4753742666418694,-0.5980675137070556,Bargain Hunters
9.0,136.48,59.88,8.0,1.0,CM00567,0,0.20644392920201135,1.5785831492058136,High Spenders
7.0,48.22,102.13,44.0,1.0,CM00568,1,1.9350196386762655,-0.8223037442933201,Window Shoppers
14.0,39.52,19.19,8.0,10.0,CM00569,2,-1.9223086466639792,-0.33848757254528905,Bargain Hunters
13.0,100.11,59.86,12.0,3.0,CM00570,0,-0.24258977288897696,0.7333056029186668,High Spenders
12.0,34.54,28.35,12.0,8.0,CM00571,2,-1.309538376822348,-0.3938228780598512,Bargain Hunters
3.0,64.6,90.26,44.0,4.0,CM00572,1,1.750819320372168,-0.643780229036094,Window Shoppers
15.0,30.76,6.96,12.0,14.0,CM00573,2,-2.507625674391961,-0.7754151361607161,Bargain Hunters
7.0,47.09,113.61,59.0,3.0,CM00574,1,2.3487197809791116,-1.3899933471471013,Window Shoppers
8.0,190.8,33.26,19.0,1.0,CM00575,0,0.28814078973251156,2.3621765555134178,High Spenders
9.0,108.02,50.07,17.0,2.0,CM00576,0,0.16604194770943287,0.9408337085712051,High Spenders
6.0,56.35,119.82,51.0,1.0,CM00577,1,2.508303030441337,-0.9577378605197371,Window Shoppers
19.0,23.59,10.94,11.0,5.0,CM00578,2,-1.822153003836302,-0.3130379487080639,Bargain Hunters
21.0,23.84,11.42,15.0,11.0,CM00579,2,-2.4786384435534075,-0.8549650149324246,Bargain Hunters
17.0,38.89,28.59,11.0,18.0,CM00580,2,-2.7565438148973866,-1.0888028048460154,Bargain Hunters
5.0,73.0,92.83,50.0,1.0,CM00581,1,2.158706842157828,-0.4828068289793811,Window Shoppers
18.0,19.73,15.81,11.0,11.0,CM00582,2,-2.318231137042047,-0.8146495783072564,Bargain Hunters
13.0,115.14,55.88,26.0,0.0,CM00583,0,0.459898492524908,0.8934761477902434,High Spenders
5.0,42.42,95.11,49.0,0.0,CM00584,1,2.216982841212563,-0.8730279724961004,Window Shoppers
18.0,31.68,29.37,9.0,9.0,CM00585,2,-1.9323370398593198,-0.5384965906415904,Bargain Hunters
29.0,25.19,24.27,10.0,16.0,CM00586,2,-3.540372987030461,-1.2843029071594685,Bargain Hunters
4.0,48.6,91.25,60.0,2.0,CM00587,1,2.356947732490308,-1.12155964690493,Window Shoppers
9.0,116.99,22.7,20.0,2.0,CM00588,0,-0.15619051592508967,1.1977702169787503,High Spenders
14.0,101.37,51.9,18.0,1.0,CM00589,0,-0.045331170019580334,0.8008466254949299,High Spenders
14.0,17.06,20.98,19.0,6.0,CM00590,2,-1.179021852604595,-0.6537734268714885,Bargain Hunters
24.0,11.25,25.04,11.0,11.0,CM00591,2,-2.626397070306552,-1.0964843125851647,Bargain Hunters
12.0,158.31,47.16,24.0,2.0,CM00592,0,0.1998424235174603,1.5303038858170568,High Spenders
4.0,46.95,98.63,54.0,0.0,CM00593,1,2.502569205870238,-0.9230891283107793,Window Shoppers
3.0,40.67,106.62,39.0,1.0,CM00594,1,2.133921030797886,-0.7982872643909411,Window Shoppers
9.0,10.98,9.09,18.0,14.0,CM00595,2,-1.892016080115381,-1.1352034480330246,Bargain Hunters
16.0,105.86,52.35,22.0,4.0,CM00596,0,-0.37565981193423,0.5361553473582686,High Spenders
16.0,12.69,7.54,18.0,7.0,CM00597,2,-1.678955660154805,-0.7077539660158148,Bargain Hunters
5.0,60.66,119.18,47.0,1.0,CM00598,1,2.4590649289267588,-0.7843349452237478,Window Shoppers
1.0,76.61,70.33,49.0,2.0,CM00599,1,1.9687163253398372,-0.26375213005946985,Window Shoppers
0.0,44.79,103.49,41.0,3.0,CM00600,1,2.1580983146151413,-0.8548918236163894,Window Shoppers
3.0,72.69,100.29,55.0,0.0,CM00601,1,2.6766694692525927,-0.5479906464389867,Window Shoppers
4.0,35.13,91.52,54.0,0.0,CM00602,1,2.3706309113519937,-1.055487041202835,Window Shoppers
15.0,26.03,29.22,14.0,11.0,CM00603,2,-1.78896887055858,-0.8309072571525359,Bargain Hunters
12.0,141.23,28.39,32.0,1.0,CM00604,0,0.22225445672993638,1.2909581415501374,High Spenders
14.0,22.61,26.36,12.0,9.0,CM00606,2,-1.6138662384850013,-0.66325244410425,Bargain Hunters
4.0,25.22,76.35,47.0,0.0,CM00607,1,1.9065248096920455,-0.9494792647172335,Window Shoppers
11.0,109.84,40.36,25.0,1.0,CM00608,0,0.21749352284671922,0.8990562462769344,High Spenders
19.0,35.27,14.97,15.0,9.0,CM00609,2,-2.044418049095155,-0.53304419809042,Bargain Hunters
17.0,15.57,16.38,16.0,8.0,CM00610,2,-1.7748855272078459,-0.7653150363939072,Bargain Hunters
16.0,164.88,34.81,22.0,3.0,CM00611,0,-0.43957451445295154,1.6284138690121244,High Spenders
20.0,38.33,13.79,16.0,10.0,CM00612,2,-2.2068504213365996,-0.5859521736946264,Bargain Hunters
11.0,171.47,53.3,21.0,5.0,CM00613,0,-0.01707168543983213,1.5586695714715755,High Spenders
26.0,43.21,20.96,8.0,10.0,CM00614,2,-2.7631821691889207,-0.473035270810025,Bargain Hunters
20.0,16.96,10.05,14.0,12.0,CM00615,2,-2.575563895960294,-0.9846039981122083,Bargain Hunters
2.0,40.34,92.4,56.0,1.0,CM00616,1,2.4928754726796316,-1.0668508849087817,Window Shoppers
23.0,32.72,26.68,19.0,10.0,CM00617,2,-2.144193275973359,-0.8702316081001259,Bargain Hunters
5.0,46.65,97.32,49.0,1.0,CM00618,1,2.1525836664666524,-0.8941104476438748,Window Shoppers
2.0,23.69,112.35,47.0,0.0,CM00619,1,2.6123897341893727,-1.1876747342201739,Window Shoppers
8.0,110.8,44.62,15.0,0.0,CM00620,0,0.31157117260240175,1.220877550494145,High Spenders
29.0,17.41,29.91,10.0,18.0,CM00621,2,-3.678681366339034,-1.5830453565302176,Bargain Hunters
19.0,33.87,18.69,19.0,15.0,CM00623,2,-2.5073235205038773,-1.0923913363838373,Bargain Hunters
3.0,44.73,77.76,42.0,1.0,CM00624,1,1.7797574225356032,-0.6062931232374609,Window Shoppers
7.0,193.59,35.34,13.0,3.0,CM00625,0,0.0060988939928179305,2.3965101390740884,High Spenders
12.0,33.85,23.33,17.0,11.0,CM00626,2,-1.5587112396337368,-0.6927792789632368,Bargain Hunters
17.0,170.17,21.97,19.0,3.0,CM00627,0,-0.7936913749654859,1.8478160873908314,High Spenders
12.0,43.97,11.44,18.0,7.0,CM00628,2,-1.2712683324692113,-0.19638166011280736,Bargain Hunters
27.0,37.21,14.9,15.0,11.0,CM00629,2,-2.8382303356644503,-0.7636708686364136,Bargain Hunters
16.0,152.34,40.22,16.0,1.0,CM00630,0,-0.34391098946752496,1.6737776871382273,High Spenders
17.0,36.36,15.65,17.0,11.0,CM00631,2,-2.038938266610534,-0.6767742140731479,Bargain Hunters
13.0,107.68,59.77,25.0,0.0,CM00632,0,0.4776402058841102,0.775051892303463,High Spenders
8.0,106.2,47.67,27.0,2.0,CM00633,0,0.49759072288506023,0.7236062891742195,High Spenders
4.0,62.56,84.55,38.0,1.0,CM00634,1,1.7246122402726434,-0.30649862528121685,Window Shoppers
24.0,33.32,26.61,17.0,10.0,CM00635,2,-2.2770204174776367,-0.8313696781461994,Bargain Hunters
8.0,150.57,30.27,25.0,0.0,CM00636,0,0.4566012409994029,1.7057954353610751,High Spenders
18.0,36.06,7.62,18.0,11.0,CM00637,2,-2.2079685499475636,-0.6637689785875917,Bargain Hunters
9.0,121.63,49.01,16.0,4.0,CM00638,0,-0.06928610791900873,1.036704969307689,High Spenders
3.0,79.57,70.15,46.0,0.0,CM00639,1,1.9482447880870377,-0.03943856292166057,Window Shoppers
7.0,30.37,103.94,47.0,2.0,CM00640,1,1.915314611483186,-1.2444276834086476,Window Shoppers
13.0,167.04,22.15,17.0,1.0,CM00641,0,-0.3518013536029322,2.0439810835725205,High Spenders
16.0,14.42,9.18,20.0,7.0,CM00642,2,-1.5904068258648716,-0.7365730869584268,Bargain Hunters
7.0,50.28,103.36,43.0,0.0,CM00643,1,2.034324457009544,-0.7063690060617759,Window Shoppers
14.0,47.94,24.91,14.0,14.0,CM00644,2,-2.0640249460075957,-0.6639429748883566,Bargain Hunters
21.0,42.72,14.49,9.0,11.0,CM00645,2,-2.577033173845476,-0.4548037552925625,Bargain Hunters
21.0,33.06,24.5,14.0,9.0,CM00646,2,-2.0751169708285717,-0.6393504878924876,Bargain Hunters
5.0,44.23,72.07,43.0,2.0,CM00647,1,1.4676443471033997,-0.6978936490360123,Window Shoppers
21.0,46.57,22.37,13.0,8.0,CM00648,2,-2.0081822794776336,-0.3255291162741019,Bargain Hunters
7.0,27.58,73.36,49.0,1.0,CM00649,1,1.598663926049279,-1.0526747388565896,Window Shoppers
9.0,151.45,51.85,20.0,4.0,CM00650,0,0.14732348543748117,1.38506494230482,High Spenders
8.0,145.17,43.0,16.0,2.0,CM00651,0,0.1638935108883067,1.5938217468265978,High Spenders
14.0,21.49,5.92,8.0,9.0,CM00652,2,-2.055074982570937,-0.45323354808664074,Bargain Hunters
12.0,194.05,56.37,18.0,3.0,CM00653,0,0.12070549496260712,2.0757730412617263,High Spenders
9.0,102.09,28.83,21.0,0.0,CM00654,0,0.1561168484311078,1.0477250683418344,High Spenders
7.0,48.91,60.0,51.0,1.0,CM00655,1,1.4872397681300682,-0.6799090039114076,Window Shoppers
3.0,56.26,76.5,45.0,3.0,CM00656,1,1.6573813620749416,-0.6291119053886508,Window Shoppers
6.0,45.68,78.33,39.0,0.0,CM00657,1,1.5881643707459943,-0.5034534079827335,Window Shoppers
5.0,35.28,102.97,51.0,2.0,CM00658,1,2.174371081028005,-1.2211953548411218,Window Shoppers
16.0,29.81,19.18,17.0,12.0,CM00659,2,-2.0287560647886083,-0.8567265022703003,Bargain Hunters
20.0,37.33,15.17,13.0,5.0,CM00660,2,-1.744903458718635,-0.19075138559690188,Bargain Hunters
13.0,14.71,26.5,15.0,7.0,CM00661,2,-1.2500811570951806,-0.6947871413091777,Bargain Hunters
7.0,56.58,105.3,59.0,0.0,CM00662,1,2.55469054133884,-0.976228167313245,Window Shoppers
25.0,39.3,26.77,12.0,10.0,CM00663,2,-2.4865884504106326,-0.6456312564638197,Bargain Hunters
16.0,45.55,19.27,13.0,8.0,CM00664,2,-1.693835987588581,-0.24550210016123883,Bargain Hunters
7.0,50.15,79.36,45.0,1.0,CM00665,1,1.6124314094172252,-0.6601326613592119,Window Shoppers
4.0,48.27,102.61,57.0,0.0,CM00666,1,2.6569078737901455,-0.9961394860322351,Window Shoppers
5.0,34.52,71.99,35.0,0.0,CM00667,1,1.4226043346510975,-0.5278331130308123,Window Shoppers
15.0,16.34,16.22,17.0,11.0,CM00668,2,-1.9194216574048544,-0.9569033284811201,Bargain Hunters
3.0,44.55,95.51,39.0,2.0,CM00669,1,1.8607000888656144,-0.7342089889339154,Window Shoppers
13.0,158.06,53.96,17.0,1.0,CM00670,0,0.1296194711428612,1.6905345551262834,High Spenders
22.0,41.9,15.89,13.0,12.0,CM00671,2,-2.61616158264482,-0.6507497251448996,Bargain Hunters
23.0,23.4,21.71,16.0,8.0,CM00672,2,-2.1153095024478183,-0.7712909901625372,Bargain Hunters
13.0,191.84,34.31,14.0,2.0,CM00673,0,-0.31427535091713554,2.3359602877659635,High Spenders
4.0,27.63,94.58,40.0,3.0,CM00675,1,1.6670137195442074,-1.0942826241512777,Window Shoppers
26.0,10.71,26.1,14.0,13.0,CM00676,2,-2.87958947845017,-1.349424242170137,Bargain Hunters
20.0,13.58,18.28,15.0,10.0,CM00677,2,-2.210157840152596,-0.9727939813402577,Bargain Hunters
13.0,155.79,37.41,20.0,1.0,CM00678,0,-0.043265533158224755,1.7021030145122658,High Spenders
24.0,12.31,21.67,16.0,15.0,CM00679,2,-2.953086928873768,-1.45063369600171,Bargain Hunters
9.0,164.56,20.01,17.0,3.0,CM00680,0,-0.3107141270001883,1.9387799634320413,High Spenders
18.0,19.86,8.99,18.0,12.0,CM00681,2,-2.321451517073499,-0.9914902536116882,Bargain Hunters
9.0,114.33,43.13,22.0,0.0,CM00682,0,0.4311163282957197,1.115624695327905,High Spenders
15.0,161.92,56.52,21.0,4.0,CM00683,0,-0.16883632241522475,1.4018736131933982,High Spenders
4.0,159.52,32.1,20.0,0.0,CM00684,0,0.642961486092704,2.0001495150362665,High Spenders
9.0,198.95,33.95,13.0,3.0,CM00685,0,-0.15203456300986615,2.458079956031302,High Spenders
9.0,63.95,93.79,45.0,0.0,CM00686,1,1.8228225506597373,-0.5062904636784967,Window Shoppers
12.0,44.49,28.27,17.0,11.0,CM00687,2,-1.4627689824928223,-0.5636764153064184,Bargain Hunters
25.0,36.21,21.91,14.0,12.0,CM00688,2,-2.7209000058176067,-0.8454450147384387,Bargain Hunters
7.0,154.03,42.56,10.0,2.0,CM00689,0,0.06591958519429615,1.8795532636830086,High Spenders
6.0,187.19,54.35,23.0,1.0,CM00690,0,0.877024705070182,2.105248112392004,High Spenders
13.0,199.77,49.17,18.0,1.0,CM00691,0,0.15808459255715207,2.338710112989991,High Spenders
13.0,147.74,53.84,30.0,0.0,CM00692,0,0.6051208535867667,1.3174989863676376,High Spenders
4.0,185.12,30.45,19.0,2.0,CM00693,0,0.41951167866638417,2.283340627151015,High Spenders
7.0,138.0,39.53,25.0,3.0,CM00694,0,0.33297919215903293,1.253397123888482,High Spenders
21.0,37.54,6.51,12.0,10.0,CM00695,2,-2.514693095300874,-0.47522384615988056,Bargain Hunters
5.0,35.73,106.15,48.0,1.0,CM00696,1,2.2414537795042557,-1.0990015490775618,Window Shoppers
7.0,182.87,32.52,20.0,2.0,CM00697,0,0.2590844157736427,2.168079184586802,High Spenders
6.0,22.69,66.84,47.0,2.0,CM00698,1,1.394805899983755,-1.0948319965265423,Window Shoppers
24.0,43.03,6.83,27.0,13.0,CM00699,2,-2.588932052526841,-0.9813383844738102,Bargain Hunters
2.0,33.98,115.85,45.0,1.0,CM00700,1,2.5189499694938995,-1.0807495177443642,Window Shoppers
6.0,39.53,89.89,52.0,0.0,CM00701,1,2.1471871976890307,-0.9628391060348099,Window Shoppers
14.0,110.55,31.33,19.0,1.0,CM00702,0,-0.3207721522282204,1.0589108978752713,High Spenders
7.0,129.63,45.83,21.0,1.0,CM00703,0,0.5097622799725364,1.312342466421074,High Spenders
3.0,75.21,100.57,56.0,1.0,CM00704,1,2.6090276670434753,-0.6041641695003148,Window Shoppers
12.0,178.44,31.93,32.0,3.0,CM00705,0,0.13029639910508817,1.694321114692967,High Spenders
6.0,46.34,84.47,44.0,3.0,CM00706,1,1.5158100171620212,-0.857604342993561,Window Shoppers
5.0,29.28,65.28,43.0,2.0,CM00707,1,1.3351996698285948,-0.8803194367130609,Window Shoppers
4.0,50.41,74.68,51.0,1.0,CM00708,1,1.9381022003656436,-0.7119954488186123,Window Shoppers
19.0,43.29,26.58,19.0,6.0,CM00709,2,-1.4099247062407627,-0.36536197826952294,Bargain Hunters
7.0,134.55,50.59,23.0,1.0,CM00710,0,0.6526939604298156,1.3110931256487193,High Spenders
3.0,35.09,68.29,50.0,1.0,CM00711,1,1.8542436624839504,-0.8658226467441426,Window Shoppers
3.0,73.35,94.28,59.0,1.0,CM00712,1,2.597238953969833,-0.6560458979409519,Window Shoppers
6.0,53.53,66.48,55.0,1.0,CM00713,1,1.7893178060380306,-0.7266457288713927,Window Shoppers
20.0,33.8,25.37,17.0,12.0,CM00714,2,-2.2166560798200066,-0.8974321081561872,Bargain Hunters
19.0,26.7,28.42,15.0,9.0,CM00715,2,-1.8492620877005217,-0.7554629182732361,Bargain Hunters
9.0,139.59,50.4,18.0,1.0,CM00716,0,0.3630812673857771,1.4699272719486751,High Spenders
9.0,108.01,59.31,18.0,3.0,CM00717,0,0.2340020955956771,0.7850951514146808,High Spenders
7.0,30.8,80.35,37.0,1.0,CM00718,1,1.3543757213782552,-0.7861974662979385,Window Shoppers
5.0,128.45,30.75,28.0,4.0,CM00719,0,0.30818695649831573,1.0599523125536532,High Spenders
5.0,21.08,60.77,48.0,0.0,CM00720,1,1.6127221495097772,-0.9438787813205599,Window Shoppers
5.0,25.27,88.07,57.0,0.0,CM00721,1,2.316236116584713,-1.2638874041594577,Window Shoppers
4.0,51.53,91.0,54.0,1.0,CM00722,1,2.2849762728026373,-0.8719560301833624,Window Shoppers
10.0,135.81,40.5,20.0,4.0,CM00723,0,-0.13053268451299663,1.2081647368515334,High Spenders
15.0,30.3,17.98,15.0,4.0,CM00724,2,-1.1824969064208657,-0.21615686703321302,Bargain Hunters
17.0,41.95,24.34,14.0,13.0,CM00725,2,-2.1958467408335443,-0.7256464050704649,Bargain Hunters
11.0,140.27,45.03,23.0,2.0,CM00726,0,0.17778544690410716,1.3059441506219491,High Spenders
12.0,133.2,23.88,23.0,3.0,CM00727,0,-0.34456127908838013,1.2559242209155403,High Spenders
8.0,114.53,38.32,24.0,0.0,CM00728,0,0.48907173837233253,1.1221541398183992,High Spenders
18.0,45.35,5.75,19.0,10.0,CM00729,2,-2.084526993467831,-0.4603567419147934,Bargain Hunters
8.0,120.88,32.68,15.0,2.0,CM00730,0,-0.07010048891304686,1.3146492969241343,High Spenders
6.0,193.96,25.49,15.0,4.0,CM00731,0,-0.12081509381345411,2.3691503038946977,High Spenders
13.0,25.85,21.84,15.0,8.0,CM00732,2,-1.4097052162163914,-0.5635422968439578,Bargain Hunters
3.0,39.43,98.94,52.0,2.0,CM00733,1,2.2944549797469413,-1.1226025985111512,Window Shoppers
13.0,150.59,35.74,15.0,0.0,CM00734,0,-0.1218060002971339,1.8149970257962655,High Spenders
20.0,15.47,18.88,16.0,7.0,CM00735,2,-1.8483544395193512,-0.7578296214084057,Bargain Hunters
9.0,173.44,29.94,21.0,1.0,CM00736,0,0.19264450024407911,2.06029026130183,High Spenders
5.0,45.5,85.78,47.0,1.0,CM00737,1,1.9103079748501153,-0.7891516574084834,Window Shoppers
18.0,11.36,15.97,17.0,14.0,CM00738,2,-2.470016029554293,-1.288283875498116,Bargain Hunters
18.0,20.32,12.76,17.0,9.0,CM00739,2,-1.972483561182511,-0.7758049896419456,Bargain Hunters
13.0,160.71,25.33,22.0,0.0,CM00740,0,-0.05717303963609127,1.8860205167931667,High Spenders
5.0,78.42,103.04,52.0,0.0,CM00741,1,2.494095756403562,-0.44270952972248667,Window Shoppers
26.0,31.6,20.2,21.0,8.0,CM00742,2,-2.193566882616281,-0.7907082162286413,Bargain Hunters
6.0,73.92,77.34,54.0,6.0,CM00743,1,1.4330798717935098,-0.8203241999689284,Window Shoppers
32.0,41.63,11.18,14.0,13.0,CM00744,2,-3.495907681090832,-0.8647833299487242,Bargain Hunters
10.0,14.28,25.32,19.0,5.0,CM00745,2,-0.7180092882870588,-0.5953857568638112,Bargain Hunters
19.0,40.84,16.31,22.0,5.0,CM00746,2,-1.3785753873212134,-0.3284831463274795,Bargain Hunters
23.0,24.23,20.91,24.0,3.0,CM00747,2,-1.3549363405441108,-0.575982509022127,Bargain Hunters
12.0,112.69,48.96,22.0,0.0,CM00748,0,0.3006007137139698,1.0062016297511571,High Spenders
25.0,40.73,25.72,12.0,9.0,CM00749,2,-2.3940964973081837,-0.5458975313869401,Bargain Hunters
4.0,28.18,81.01,45.0,3.0,CM00750,1,1.605541414482025,-1.1039742155523082,Window Shoppers
9.0,138.1,53.55,18.0,3.0,CM00751,0,0.19692097398035716,1.2842703105163458,High Spenders
6.0,113.22,53.18,21.0,1.0,CM00752,0,0.6686910496357309,1.0264227321445687,High Spenders
14.0,22.04,28.36,16.0,5.0,CM00753,2,-1.0383165585750702,-0.49086186651465846,Bargain Hunters
26.0,17.22,6.0,16.0,13.0,CM00754,2,-3.1224479800183103,-1.157436531659744,Bargain Hunters
8.0,104.16,51.95,28.0,1.0,CM00755,0,0.697224266703767,0.7120079814979393,High Spenders
13.0,19.24,24.87,11.0,12.0,CM00756,2,-1.9192663350991321,-0.8798849970247512,Bargain Hunters
7.0,63.93,113.35,54.0,0.0,CM00757,1,2.5437821528459463,-0.8082470011129047,Window Shoppers
4.0,46.24,96.06,55.0,1.0,CM00758,1,2.3846945518226375,-1.0092786748941571,Window Shoppers
20.0,49.38,6.81,18.0,4.0,CM00759,2,-1.5983116576983891,0.010709456520503669,Bargain Hunters
3.0,68.26,66.75,39.0,3.0,CM00760,1,1.3464885906473572,-0.24702225039494494,Window Shoppers
11.0,165.97,29.29,22.0,1.0,CM00761,0,0.05343385597525028,1.8986163183429985,High Spenders
9.0,146.62,31.49,25.0,2.0,CM00762,0,0.18302423165088502,1.4807318594139116,High Spenders
14.0,109.5,43.97,19.0,3.0,CM00763,0,-0.33781928101319864,0.8154946946794712,High Spenders
5.0,43.27,96.4,50.0,2.0,CM00764,1,2.055801479665907,-1.0323326851647197,Window Shoppers
9.0,22.43,71.9,51.0,1.0,CM00766,1,1.4808096376533801,-1.1954371426529178,Window Shoppers
12.0,151.86,37.22,21.0,0.0,CM00767,0,0.15609055498901764,1.7068949122301595,High Spenders
8.0,198.73,39.85,17.0,0.0,CM00768,0,0.4516237652564748,2.5534955895602196,High Spenders
17.0,41.99,10.01,11.0,8.0,CM00769,2,-1.9776336081694894,-0.20779319248083125,Bargain Hunters
17.0,26.75,13.77,19.0,8.0,CM00770,2,-1.706203492997933,-0.642839260293267,Bargain Hunters
17.0,45.71,29.2,14.0,10.0,CM00771,2,-1.7940987495524348,-0.4889775810040182,Bargain Hunters
18.0,113.32,55.86,14.0,0.0,CM00772,0,-0.26743077658878617,1.0559765451932264,High Spenders
5.0,33.83,96.73,55.0,1.0,CM00773,1,2.3004081235599023,-1.2184746396397084,Window Shoppers
13.0,154.03,47.61,23.0,1.0,CM00774,0,0.20287804321997202,1.5396976630435093,High Spenders
14.0,29.84,29.99,20.0,9.0,CM00775,2,-1.3049243764850451,-0.7538795802726788,Bargain Hunters
3.0,41.36,111.16,45.0,2.0,CM00776,1,2.279320420399653,-1.021697347561657,Window Shoppers
19.0,44.92,21.26,19.0,7.0,CM00777,2,-1.5966014249017417,-0.3750272055277702,Bargain Hunters
8.0,60.45,60.7,46.0,2.0,CM00778,1,1.189509275469438,-0.48357122960642346,Window Shoppers
4.0,70.74,84.66,42.0,1.0,CM00779,1,1.860465907357063,-0.2704338102091747,Window Shoppers
12.0,189.04,53.22,25.0,0.0,CM00780,0,0.5913574795259922,2.078354672638553,High Spenders
5.0,118.45,46.53,16.0,2.0,CM00781,0,0.39080662754988416,1.2060563454482107,High Spenders
19.0,26.71,15.77,11.0,6.0,CM00782,2,-1.8475522128145794,-0.3688941717685497,Bargain Hunters
6.0,166.18,35.84,21.0,2.0,CM00783,0,0.3844618987306096,1.883201019921793,High Spenders
5.0,70.48,88.88,73.0,1.0,CM00784,1,2.781026790669169,-1.0019233920029604,Window Shoppers
8.0,32.85,78.07,49.0,2.0,CM00785,1,1.5022531329720763,-1.0897562557232245,Window Shoppers
6.0,32.59,64.26,40.0,1.0,CM00786,1,1.2687455205302978,-0.7007716696293994,Window Shoppers
10.0,181.44,38.44,25.0,4.0,CM00787,0,0.06724254840533847,1.809472171431186,High Spenders
12.0,112.33,57.15,19.0,1.0,CM00788,0,0.2317936011840822,0.9404957125729698,High Spenders
23.0,11.58,13.65,20.0,10.0,CM00789,2,-2.3551346012977823,-1.1269542971030095,Bargain Hunters
11.0,101.62,57.97,17.0,4.0,CM00790,0,-0.0803506871058439,0.618009921327612,High Spenders
11.0,163.01,57.83,24.0,1.0,CM00791,0,0.5542047212394356,1.6153032240252772,High Spenders
3.0,73.85,60.58,46.0,0.0,CM00792,1,1.7885891403708785,-0.0618596832755998,Window Shoppers
2.0,35.5,106.6,54.0,2.0,CM00793,1,2.5400616303033763,-1.2639510741268905,Window Shoppers
8.0,166.51,59.66,16.0,1.0,CM00794,0,0.5682502457197173,1.8776095293189003,High Spenders
6.0,55.96,91.03,49.0,1.0,CM00795,1,1.9977289073209115,-0.7239428885076467,Window Shoppers
6.0,50.82,82.41,54.0,0.0,CM00796,1,2.110004842838666,-0.7835268822284275,Window Shoppers
21.0,31.16,21.42,21.0,8.0,CM00797,2,-1.8106736668481116,-0.7311689628425788,Bargain Hunters
5.0,30.57,64.45,58.0,1.0,CM00798,1,1.8799041764176168,-1.1151537749307894,Window Shoppers
21.0,11.68,16.87,11.0,9.0,CM00799,2,-2.3218115872940217,-0.8481876858993812,Bargain Hunters
11.0,169.34,43.08,26.0,3.0,CM00800,0,0.18187967591717402,1.6267126891420478,High Spenders
17.0,13.24,6.21,17.0,7.0,CM00801,2,-1.8016312660754144,-0.6831567243438729,Bargain Hunters
10.0,160.51,41.77,18.0,1.0,CM00802,0,0.19208164589245916,1.833496563951973,High Spenders
14.0,148.13,53.46,27.0,1.0,CM00803,0,0.3307558485115576,1.3065829453525877,High Spenders
13.0,180.3,25.87,19.0,1.0,CM00804,0,-0.21044885073293565,2.1773059179188525,High Spenders
3.0,61.25,78.8,48.0,0.0,CM00805,1,2.111082452878212,-0.42242895139813674,Window Shoppers
14.0,118.66,42.88,22.0,2.0,CM00806,0,-0.1425449257429199,0.9674948082322158,High Spenders
4.0,31.82,93.21,43.0,3.0,CM00807,1,1.7427769397239028,-1.0871004057342488,Window Shoppers
6.0,42.29,116.56,49.0,0.0,CM00808,1,2.479120931597971,-1.0356833377680064,Window Shoppers
12.0,154.14,26.87,18.0,2.0,CM00809,0,-0.3042585432847743,1.736797539958513,High Spenders
15.0,189.79,42.58,25.0,4.0,CM00810,0,-0.21794774700014832,1.8344438418656195,High Spenders
3.0,21.35,94.46,49.0,2.0,CM00811,1,2.1028057247618652,-1.3023921221820542,Window Shoppers
22.0,47.11,12.7,17.0,8.0,CM00812,2,-2.1115652218431147,-0.3547238811159391,Bargain Hunters
3.0,44.12,104.04,57.0,2.0,CM00813,1,2.532100477604264,-1.1958652282894522,Window Shoppers
17.0,11.06,21.29,9.0,11.0,CM00814,2,-2.2347805862107486,-0.925403956719355,Bargain Hunters
5.0,21.22,111.09,51.0,1.0,CM00815,1,2.382939877731887,-1.420594320504918,Window Shoppers
2.0,25.86,76.47,51.0,1.0,CM00816,1,2.068716600384786,-1.069672182907486,Window Shoppers
25.0,19.99,16.57,18.0,15.0,CM00817,2,-3.0323399235853543,-1.357597230820503,Bargain Hunters
19.0,22.76,10.27,13.0,11.0,CM00818,2,-2.412545094914071,-0.7897153730530206,Bargain Hunters
10.0,167.96,41.94,24.0,2.0,CM00819,0,0.2810698429002253,1.7431325604601113,High Spenders
11.0,140.66,36.8,24.0,4.0,CM00820,0,-0.13301320825179075,1.2042967624208782,High Spenders
19.0,112.55,43.52,15.0,4.0,CM00821,0,-0.9302100553252657,0.8081391630713245,High Spenders
6.0,63.0,84.95,47.0,1.0,CM00822,1,1.855212000279747,-0.5308718753295032,Window Shoppers
21.0,26.08,10.9,15.0,7.0,CM00823,2,-2.0572725735962782,-0.5342408088533831,Bargain Hunters
10.0,108.16,47.1,16.0,4.0,CM00824,0,-0.19576612950752456,0.8288346141580989,High Spenders
20.0,25.57,9.19,18.0,8.0,CM00825,2,-2.0285636643016933,-0.6524295705490109,Bargain Hunters
10.0,60.24,96.91,51.0,1.0,CM00826,1,1.8653629635808744,-0.8022326480352469,Window Shoppers
21.0,49.25,14.5,15.0,10.0,CM00827,2,-2.2793890251154645,-0.416673982599998,Bargain Hunters
6.0,33.84,116.6,48.0,2.0,CM00828,1,2.2221648024078737,-1.284553992320581,Window Shoppers
11.0,125.86,41.88,12.0,0.0,CM00829,0,-0.013317248355159187,1.4911958565362498,High Spenders
9.0,66.32,109.91,45.0,1.0,CM00830,1,1.9725782087975974,-0.6503307209565395,Window Shoppers
21.0,35.76,24.26,12.0,12.0,CM00831,2,-2.45315015774797,-0.7645241105219293,Bargain Hunters
6.0,67.24,85.08,61.0,1.0,CM00832,1,2.2837912189723966,-0.7758019838907244,Window Shoppers
9.0,157.7,54.29,20.0,2.0,CM00833,0,0.40923832340450345,1.6055107461603566,High Spenders
10.0,167.23,26.73,18.0,2.0,CM00834,0,-0.1375714232360524,1.9676996037450427,High Spenders
13.0,155.47,21.42,29.0,1.0,CM00835,0,-0.02435739697742586,1.6073059201007722,High Spenders
1.0,47.42,66.99,53.0,0.0,CM00836,1,2.197653270445168,-0.6341080352575837,Window Shoppers
7.0,161.71,29.87,23.0,1.0,CM00837,0,0.37661571281055234,1.8671284571064044,High Spenders
5.0,30.21,79.46,45.0,0.0,CM00838,1,1.831130196067218,-0.8651089070125301,Window Shoppers
6.0,30.65,114.81,52.0,1.0,CM00839,1,2.4146979601372727,-1.338674038971177,Window Shoppers
13.0,138.87,30.45,19.0,2.0,CM00840,0,-0.3181570571033101,1.4420399388170295,High Spenders
8.0,140.2,26.46,28.0,5.0,CM00841,0,-0.06333868816947555,1.15327518539745,High Spenders
7.0,27.46,117.24,40.0,2.0,CM00842,1,1.9085439405914482,-1.2248582030964967,Window Shoppers
16.0,114.26,48.75,16.0,1.0,CM00843,0,-0.2775929965085405,1.0336237160336756,High Spenders
6.0,40.78,81.31,50.0,0.0,CM00844,1,1.9554031014674653,-0.841301326330053,Window Shoppers
18.0,44.02,8.01,21.0,16.0,CM00845,2,-2.6299999805147496,-0.9645883539202592,Bargain Hunters
9.0,107.72,24.81,22.0,1.0,CM00846,0,0.02673458298816187,1.068318456108349,High Spenders
2.0,47.25,75.2,54.0,0.0,CM00847,1,2.2827003051025527,-0.7294689693284316,Window Shoppers
10.0,127.71,25.27,24.0,2.0,CM00848,0,-0.050333937805295534,1.2410407452845336,High Spenders
8.0,196.35,37.06,24.0,3.0,CM00849,0,0.2942033862955747,2.1694237916057384,High Spenders
19.0,44.69,18.61,16.0,7.0,CM00850,2,-1.7282325385486321,-0.29434982587011094,Bargain Hunters
24.0,27.11,19.63,7.0,12.0,CM00851,2,-2.909176639967069,-0.7997320178937221,Bargain Hunters
3.0,54.41,64.57,40.0,3.0,CM00852,1,1.3179736409948957,-0.46601849489900493,Window Shoppers
19.0,47.84,5.55,25.0,15.0,CM00853,2,-2.508522632553356,-0.921893595473963,Bargain Hunters
27.0,31.03,14.81,10.0,3.0,CM00854,2,-2.149082427496224,-0.18134378632987466,Bargain Hunters
18.0,13.05,26.77,12.0,15.0,CM00855,2,-2.554287713476313,-1.2962591499585356,Bargain Hunters
19.0,44.8,14.78,24.0,17.0,CM00856,2,-2.6123084726080887,-1.1505004378945325,Bargain Hunters
8.0,138.28,45.95,23.0,2.0,CM00857,0,0.40742251934383344,1.3140020305416242,High Spenders
23.0,47.56,13.13,12.0,15.0,CM00858,2,-3.0713607658177526,-0.7505186034509251,Bargain Hunters
5.0,20.9,109.45,50.0,0.0,CM00859,1,2.433195093714714,-1.321544365130444,Window Shoppers
3.0,39.38,103.17,47.0,0.0,CM00860,1,2.423589020232878,-0.9003276390515352,Window Shoppers
23.0,32.17,17.01,19.0,10.0,CM00861,2,-2.2963136160461297,-0.8129309837933213,Bargain Hunters
8.0,52.23,95.26,43.0,0.0,CM00862,1,1.838224983890416,-0.6364265053229028,Window Shoppers
1.0,75.21,111.32,60.0,2.0,CM00863,1,2.9362514035245995,-0.8063745548806817,Window Shoppers
2.0,51.78,118.8,42.0,0.0,CM00864,1,2.6129708860384437,-0.6917350577911122,Window Shoppers
5.0,32.82,98.25,53.0,0.0,CM00865,1,2.368908544835435,-1.1293844218943259,Window Shoppers
19.0,39.5,20.43,9.0,20.0,CM00866,2,-3.301504206796721,-1.1511983608247909,Bargain Hunters
18.0,20.39,7.66,18.0,9.0,CM00867,2,-2.0221441433993057,-0.7621415583453928,Bargain Hunters
11.0,182.59,29.95,31.0,1.0,CM00868,0,0.36241109353440065,1.9496689333872403,High Spenders
10.0,102.21,48.82,19.0,1.0,CM00869,0,0.22961620445641362,0.8722011385822015,High Spenders
13.0,131.49,40.55,18.0,2.0,CM00870,0,-0.20320562613329354,1.2826407181258057,High Spenders
3.0,75.99,60.35,49.0,0.0,CM00871,1,1.8785640891129376,-0.09376566321539989,Window Shoppers
5.0,26.06,79.85,51.0,1.0,CM00872,1,1.9031429906009116,-1.134315979564443,Window Shoppers
13.0,129.58,40.78,22.0,2.0,CM00873,0,-0.08323309773152991,1.1636278160928932,High Spenders
15.0,19.27,6.04,21.0,17.0,CM00874,2,-2.5919788263453367,-1.3555977156645045,Bargain Hunters
12.0,112.04,57.38,21.0,2.0,CM00875,0,0.1883597457393105,0.8196387117689766,High Spenders
7.0,70.71,117.19,48.0,1.0,CM00876,1,2.3297411918633846,-0.6690465189250351,Window Shoppers
9.0,170.06,55.63,15.0,1.0,CM00877,0,0.4086503014326531,1.9664196474144209,High Spenders
13.0,125.09,45.82,21.0,1.0,CM00878,0,0.06409908343222674,1.1535323870556602,High Spenders
6.0,52.57,67.41,56.0,1.0,CM00879,1,1.8320999179327337,-0.7697045121227379,Window Shoppers
30.0,21.89,17.17,16.0,11.0,CM00880,2,-3.0185325990122416,-1.0801137655730482,Bargain Hunters
12.0,179.22,25.6,30.0,1.0,CM00881,0,0.18563105913167913,1.9348561758055243,High Spenders
3.0,59.43,85.76,54.0,0.0,CM00883,1,2.3962797988331266,-0.629921786995679,Window Shoppers
29.0,35.34,24.94,14.0,4.0,CM00884,2,-2.1156431249957217,-0.3730922528007004,Bargain Hunters
7.0,66.37,91.67,64.0,0.0,CM00885,1,2.508541368175095,-0.8442450893967183,Window Shoppers
19.0,23.67,26.72,15.0,6.0,CM00886,2,-1.5620032680838767,-0.5780275366415434,Bargain Hunters
5.0,38.94,99.54,51.0,1.0,CM00887,1,2.2335855543983274,-1.0711954568728352,Window Shoppers
5.0,73.99,81.91,44.0,0.0,CM00888,1,1.9165377860167359,-0.19035860821319703,Window Shoppers
7.0,25.03,89.76,57.0,0.0,CM00889,1,2.1963911987125475,-1.308863074194444,Window Shoppers
5.0,56.27,96.55,48.0,1.0,CM00890,1,2.12754280947411,-0.7197393407426087,Window Shoppers
12.0,164.98,43.75,13.0,3.0,CM00891,0,-0.2773907265972036,1.8273985646546853,High Spenders
13.0,38.99,29.28,13.0,9.0,CM00892,2,-1.4365430076523162,-0.43981748104896756,Bargain Hunters
24.0,18.2,29.6,15.0,7.0,CM00893,2,-1.9975978000392123,-0.8265188790416684,Bargain Hunters
10.0,135.86,55.9,17.0,2.0,CM00894,0,0.23324571212986617,1.3119420584769956,High Spenders
8.0,160.18,27.31,18.0,0.0,CM00895,0,0.21770270855572688,2.0272681821587195,High Spenders
23.0,25.37,26.71,19.0,13.0,CM00896,2,-2.4758232012019428,-1.1950150413557388,Bargain Hunters
6.0,43.15,90.3,42.0,2.0,CM00897,1,1.6478438710310335,-0.8311305602019122,Window Shoppers
7.0,117.69,20.26,21.0,0.0,CM00898,0,0.19545128724905858,1.3742849492137863,High Spenders
4.0,28.63,65.03,67.0,1.0,CM00899,1,2.2278876781055708,-1.332403279730516,Window Shoppers
3.0,50.78,62.29,49.0,3.0,CM00900,1,1.5453586168722664,-0.7045828520645212,Window Shoppers
4.0,44.17,95.66,59.0,0.0,CM00901,1,2.6009259233221833,-1.0557207513355726,Window Shoppers
8.0,68.02,64.01,46.0,1.0,CM00902,1,1.3609581502960644,-0.3195922810882158,Window Shoppers
4.0,20.55,63.14,65.0,1.0,CM00903,1,2.1242560418184366,-1.398968176753902,Window Shoppers
4.0,26.37,106.89,49.0,1.0,CM00904,1,2.339402794249661,-1.2542824826164496,Window Shoppers
3.0,40.54,68.09,64.0,1.0,CM00905,1,2.279794045006992,-1.0900111019624008,Window Shoppers
16.0,139.78,51.4,12.0,1.0,CM00906,0,-0.31099803784636915,1.4940311040995837,High Spenders
23.0,39.74,20.49,11.0,16.0,CM00907,2,-3.106400784570003,-0.9687620788020068,Bargain Hunters
9.0,155.24,55.02,23.0,1.0,CM00908,0,0.6125117873923126,1.567489733118597,High Spenders
10.0,166.38,59.7,14.0,1.0,CM00909,0,0.3629383032881204,1.889652014678822,High Spenders
6.0,59.37,68.4,51.0,0.0,CM00910,1,1.816256267161268,-0.49142209183806396,Window Shoppers
5.0,41.43,92.61,51.0,1.0,CM00911,1,2.129644277599625,-0.9860361795158212,Window Shoppers
4.0,30.57,83.56,55.0,0.0,CM00912,1,2.26811737935498,-1.0931757662892319,Window Shoppers
4.0,35.79,68.13,43.0,2.0,CM00913,1,1.4641243525497012,-0.7852454268723441,Window Shoppers
4.0,40.22,108.78,52.0,1.0,CM00914,1,2.4831234269240543,-1.1215643606501022,Window Shoppers
19.0,33.2,28.62,17.0,9.0,CM00915,2,-1.7748275155637494,-0.7015702087088187,Bargain Hunters
5.0,47.81,109.75,57.0,1.0,CM00916,1,2.5883966456603824,-1.1373371462970612,Window Shoppers
12.0,141.54,52.1,25.0,2.0,CM00917,0,0.27748191884661155,1.218283168413178,High Spenders
8.0,157.85,54.47,25.0,2.0,CM00918,0,0.634908787847944,1.511181277403441,High Spenders
8.0,156.6,43.84,15.0,4.0,CM00919,0,-0.04557198505142186,1.6434529517350296,High Spenders
22.0,29.5,22.14,22.0,8.0,CM00921,2,-1.8453255020698265,-0.7984140747519815,Bargain Hunters
5.0,116.34,22.93,17.0,2.0,CM00922,0,0.04813482607688575,1.312101353349864,High Spenders
6.0,53.99,119.16,53.0,0.0,CM00923,1,2.6600906221201783,-0.962722531824984,Window Shoppers
7.0,180.99,46.52,15.0,1.0,CM00925,0,0.4313254733696924,2.2252510135277106,High Spenders
4.0,72.65,111.81,47.0,2.0,CM00926,1,2.331496076750625,-0.6067685573809419,Window Shoppers
12.0,163.14,56.9,19.0,3.0,CM00927,0,0.10452773081191961,1.5775378042252302,High Spenders
3.0,32.88,115.35,57.0,2.0,CM00928,1,2.6891071600594167,-1.4445629145606345,Window Shoppers
4.0,68.25,116.19,46.0,1.0,CM00929,1,2.468670139625686,-0.6110031920284678,Window Shoppers
22.0,40.54,17.04,19.0,9.0,CM00930,2,-2.1018072352061203,-0.5995216719974114,Bargain Hunters
18.0,42.99,15.1,19.0,12.0,CM00931,2,-2.1553057355830276,-0.7014449170634108,Bargain Hunters
8.0,154.43,52.47,28.0,0.0,CM00932,0,0.900207974545734,1.5477700583706888,High Spenders
8.0,168.43,34.99,22.0,1.0,CM00933,0,0.36561875532978855,1.9422276590299405,High Spenders
22.0,40.11,14.71,18.0,13.0,CM00934,2,-2.5944709960010646,-0.8511450158452755,Bargain Hunters
8.0,23.47,83.58,54.0,1.0,CM00935,1,1.8279342978927478,-1.31017991463813,Window Shoppers
22.0,43.19,11.05,14.0,7.0,CM00937,2,-2.1276711158176838,-0.2665206866656797,Bargain Hunters
8.0,50.19,68.72,55.0,1.0,CM00938,1,1.672614446397642,-0.8227535056886717,Window Shoppers
17.0,36.6,13.16,18.0,12.0,CM00939,2,-2.1538905796058696,-0.7489831746089121,Bargain Hunters
1.0,50.18,77.14,52.0,1.0,CM00940,1,2.2248431226210337,-0.7095563320350897,Window Shoppers
3.0,187.51,47.11,18.0,1.0,CM00941,0,0.8335041491397558,2.314382290162476,High Spenders
28.0,29.2,6.84,13.0,10.0,CM00942,2,-3.0047140075696794,-0.7314145420094552,Bargain Hunters
14.0,154.11,20.43,10.0,2.0,CM00943,0,-0.7902918578663402,1.926774728601685,High Spenders
22.0,20.96,5.99,13.0,6.0,CM00944,2,-2.1694324217203977,-0.4792051469640177,Bargain Hunters
4.0,61.49,109.15,53.0,0.0,CM00945,1,2.662661554420248,-0.7502155128289768,Window Shoppers
24.0,36.11,11.83,10.0,13.0,CM00946,2,-3.031844306689761,-0.7460545296878536,Bargain Hunters
9.0,182.63,21.89,14.0,1.0,CM00947,0,-0.12655530243960708,2.4099292390347067,High Spenders
11.0,24.01,17.22,10.0,11.0,CM00948,2,-1.808157150228118,-0.6323543377432256,Bargain Hunters
25.0,10.79,10.52,12.0,12.0,CM00949,2,-3.0035425493952133,-1.1125605971044834,Bargain Hunters
11.0,122.05,59.03,20.0,2.0,CM00950,0,0.2747519423543188,0.9984393279298038,High Spenders
17.0,44.47,5.61,16.0,9.0,CM00951,2,-1.9987605080220925,-0.32102555166997354,Bargain Hunters
20.0,12.06,7.0,19.0,11.0,CM00952,2,-2.375800550405224,-1.0783678619768586,Bargain Hunters
20.0,40.33,29.25,13.0,12.0,CM00953,2,-2.264254422427847,-0.7357139086347536,Bargain Hunters
21.0,49.36,13.43,14.0,10.0,CM00954,2,-2.3258553573134537,-0.3856592115239606,Bargain Hunters
8.0,43.88,79.98,54.0,1.0,CM00955,1,1.807580953188528,-0.9736762968111516,Window Shoppers
9.0,104.84,36.31,22.0,0.0,CM00956,0,0.30781148932960267,1.0168786930945375,High Spenders
6.0,115.14,24.8,26.0,0.0,CM00957,0,0.48452161668131294,1.209049198018984,High Spenders
4.0,36.11,98.28,41.0,1.0,CM00958,1,1.9824828369822827,-0.8703672765881774,Window Shoppers
5.0,157.39,32.83,21.0,4.0,CM00959,0,0.18208686748340355,1.6427066162982673,High Spenders
8.0,36.62,111.19,56.0,1.0,CM00960,1,2.3425194223302253,-1.3408736336634637,Window Shoppers
5.0,71.66,97.72,55.0,1.0,CM00961,1,2.382457932096799,-0.6468329216423253,Window Shoppers
19.0,49.8,22.62,15.0,11.0,CM00962,2,-2.11204577260882,-0.5043555779684088,Bargain Hunters
17.0,38.64,29.93,19.0,6.0,CM00963,2,-1.2199048646378534,-0.4293954155855959,Bargain Hunters
8.0,116.27,24.36,19.0,4.0,CM00964,0,-0.301301160919024,1.0709837721831275,High Spenders
10.0,172.88,55.18,21.0,1.0,CM00965,0,0.5132676021556178,1.8653070594695045,High Spenders
13.0,129.59,51.3,15.0,2.0,CM00966,0,-0.1283193802411091,1.2467306965225151,High Spenders
5.0,72.41,94.25,55.0,2.0,CM00967,1,2.223150022205849,-0.6825232243727769,Window Shoppers
7.0,155.66,28.33,24.0,2.0,CM00968,0,0.26544346981524136,1.692298582845311,High Spenders
23.0,17.14,21.36,14.0,6.0,CM00969,2,-1.9788903884518871,-0.6790230623344576,Bargain Hunters
17.0,14.16,7.06,16.0,10.0,CM00970,2,-2.1358244456833844,-0.8650130368614986,Bargain Hunters
15.0,30.51,5.12,17.0,9.0,CM00971,2,-1.8552134781465874,-0.5233648491437396,Bargain Hunters
5.0,24.19,93.22,47.0,0.0,CM00972,1,2.095488747248513,-1.0947724831703944,Window Shoppers
5.0,28.62,94.77,47.0,1.0,CM00973,1,2.021125037499076,-1.1083124144209149,Window Shoppers
4.0,24.03,65.98,33.0,1.0,CM00974,1,1.2168630039960704,-0.6590722500776118,Window Shoppers
5.0,43.29,86.57,46.0,0.0,CM00975,1,1.9952205722808112,-0.735509498986931,Window Shoppers
17.0,36.55,18.53,17.0,13.0,CM00976,2,-2.2063624035477574,-0.8349115758593505,Bargain Hunters
9.0,134.1,33.37,23.0,0.0,CM00977,0,0.34328397761028484,1.4621397045558915,High Spenders
7.0,79.76,93.89,40.0,3.0,CM00978,1,1.5292105737273278,-0.33733139222125663,Window Shoppers
5.0,33.29,93.41,44.0,1.0,CM00979,1,1.918281256480408,-0.9614865182159684,Window Shoppers
17.0,37.84,7.35,9.0,12.0,CM00980,2,-2.511936929161832,-0.4919856571437918,Bargain Hunters
4.0,34.99,87.74,46.0,0.0,CM00981,1,2.0718217118658733,-0.8554442282480049,Window Shoppers
10.0,158.8,58.46,26.0,0.0,CM00982,0,0.7958202005178449,1.5881800777614914,High Spenders
12.0,104.56,56.6,26.0,1.0,CM00983,0,0.41906520677457393,0.6710051234391923,High Spenders
13.0,44.48,19.81,19.0,7.0,CM00984,2,-1.1825236303246212,-0.2824335529903103,Bargain Hunters
0.0,49.75,111.73,43.0,1.0,CM00985,1,2.5682724869668068,-0.7377047497330337,Window Shoppers
4.0,56.37,66.23,50.0,0.0,CM00987,1,1.892961691759289,-0.47065772260344796,Window Shoppers
3.0,68.18,72.86,62.0,0.0,CM00988,1,2.4495150825135483,-0.5849859093569721,Window Shoppers
4.0,45.6,83.83,46.0,2.0,CM00989,1,1.8166002426059003,-0.8081347867434199,Window Shoppers
9.0,102.4,33.65,22.0,1.0,CM00990,0,0.15555082892098918,0.9269135604162656,High Spenders
8.0,75.67,110.0,48.0,1.0,CM00991,1,2.1531631328774457,-0.5592688482419352,Window Shoppers
6.0,194.09,48.2,19.0,2.0,CM00992,0,0.5669099068881117,2.2700426971425496,High Spenders
5.0,46.41,79.97,60.0,1.0,CM00993,1,2.2102436848738396,-1.0225673714298362,Window Shoppers
5.0,64.64,72.7,50.0,1.0,CM00994,1,1.8293411217908435,-0.47383285719610546,Window Shoppers
5.0,68.36,75.41,43.0,1.0,CM00995,1,1.6687052376159877,-0.2809388118143923,Window Shoppers
18.0,19.53,28.77,18.0,8.0,CM00996,2,-1.5872977844117433,-0.8479999461088022,Bargain Hunters
4.0,28.97,72.27,57.0,3.0,CM00997,1,1.8295322415296222,-1.2972525126391505,Window Shoppers
29.0,39.29,9.99,16.0,11.0,CM00998,2,-3.027222779040699,-0.750390918538899,Bargain Hunters
